Delay_tau_fs,Coincidence_Probability
-400.00,0.484693
-390.00,0.491642
-380.00,0.500216
-370.00,0.509557
-360.00,0.518641
-350.00,0.526384
-340.00,0.531762
-330.00,0.533929
-320.00,0.532333
-310.00,0.526803
-300.00,0.517601
-290.00,0.505431
-280.00,0.491405
-270.00,0.476950
-260.00,0.463683
-250.00,0.453252
-240.00,0.447159
-230.00,0.446581
-220.00,0.452212
-210.00,0.464143
-200.00,0.481785
-190.00,0.503864
-180.00,0.528474
-170.00,0.553199
-160.00,0.575297
-150.00,0.591920
-140.00,0.600369
-130.00,0.598345
-120.00,0.584187
-110.00,0.557062
-100.00,0.517097
-90.00,0.465434
-80.00,0.404196
-70.00,0.336379
-60.00,0.265650
-50.00,0.196097
-40.00,0.131925
-30.00,0.077142
-20.00,0.035247
-10.00,0.008959
0.00,0.000000
10.00,0.008959
20.00,0.035247
30.00,0.077142
40.00,0.131925
50.00,0.196097
60.00,0.265650
70.00,0.336379
80.00,0.404196
90.00,0.465434
100.00,0.517097
110.00,0.557062
120.00,0.584187
130.00,0.598345
140.00,0.600369
150.00,0.591920
160.00,0.575297
170.00,0.553199
180.00,0.528474
190.00,0.503864
200.00,0.481785
210.00,0.464143
220.00,0.452212
230.00,0.446581
240.00,0.447159
250.00,0.453252
260.00,0.463683
270.00,0.476950
280.00,0.491405
290.00,0.505431
300.00,0.517601
310.00,0.526803
320.00,0.532333
330.00,0.533929
340.00,0.531762
350.00,0.526384
360.00,0.518641
370.00,0.509557
380.00,0.500216
390.00,0.491642
400.00,0.484693
