Signal_nm \ Idler_nm,824.000,824.245,824.490,824.735,824.980,825.224,825.469,825.714,825.959,826.204,826.449,826.694,826.939,827.184,827.429,827.673,827.918,828.163,828.408,828.653,828.898,829.143,829.388,829.633,829.878,830.122,830.367,830.612,830.857,831.102,831.347,831.592,831.837,832.082,832.327,832.571,832.816,833.061,833.306,833.551,833.796,834.041,834.286,834.531,834.776,835.020,835.265,835.510,835.755,836.000
824.000,4.989326e-09,8.092717e-09,7.180431e-09,2.112970e-09,7.152746e-10,1.472912e-08,4.523535e-08,7.086117e-08,6.097537e-08,1.742890e-08,5.814274e-09,1.165474e-07,3.510262e-07,5.417449e-07,4.627940e-07,1.352210e-07,3.699324e-08,8.139554e-07,2.484933e-06,3.887021e-06,3.407878e-06,1.080088e-06,1.995716e-07,5.702083e-06,1.869946e-05,3.145055e-05,3.042349e-05,1.162090e-05,1.183634e-06,6.298918e-05,2.756766e-04,6.802704e-04,1.226908e-03,1.763053e-03,2.088075e-03,2.055055e-03,1.660047e-03,1.056446e-03,4.768331e-04,1.080952e-04,3.420248e-09,6.426782e-05,1.564000e-04,1.761240e-04,1.164068e-04,3.750069e-05,4.323149e-07,1.790567e-05,5.580393e-05,7.223213e-05
824.245,7.803959e-09,1.014602e-08,6.651428e-09,5.812388e-10,4.488635e-09,2.985518e-08,6.813290e-08,8.564783e-08,5.444105e-08,4.574769e-09,3.531582e-08,2.290741e-07,5.130503e-07,6.363572e-07,4.033690e-07,3.685000e-08,2.358076e-07,1.573671e-06,3.562744e-06,4.489765e-06,2.948915e-06,3.283303e-07,1.494459e-06,1.110322e-05,2.688227e-05,3.665646e-05,2.705978e-05,4.221554e-06,1.306446e-05,1.335494e-04,4.411823e-04,9.454119e-04,1.545895e-03,2.048494e-03,2.249762e-03,2.048481e-03,1.513286e-03,8.552527e-04,3.156786e-04,3.905799e-05,1.277662e-05,1.073474e-04,1.798771e-04,1.635053e-04,8.548435e-05,1.632138e-05,1.938405e-06,3.309876e-05,6.652743e-05,6.859546e-05
824.490,1.117022e-08,1.152901e-08,4.971608e-09,6.243008e-11,1.364039e-08,5.260130e-08,9.394209e-08,9.380267e-08,3.914859e-08,5.284403e-10,1.038818e-07,3.912938e-07,6.865595e-07,6.778061e-07,2.844080e-07,2.319462e-09,6.905780e-07,2.637580e-06,4.677731e-06,4.711351e-06,2.085695e-06,2.988227e-09,4.530819e-06,1.866203e-05,3.543412e-05,3.898817e-05,2.001290e-05,3.056171e-08,4.481480e-05,2.449708e-04,6.602844e-04,1.255795e-03,1.877507e-03,2.301614e-03,2.344094e-03,1.968507e-03,1.318889e-03,6.479195e-04,1.812710e-04,4.795851e-06,4.522405e-05,1.479259e-04,1.885377e-04,1.393373e-04,5.465958e-05,3.551436e-06,1.081616e-05,4.846988e-05,7.170474e-05,5.976917e-05
824.735,1.466341e-08,1.162964e-08,2.468610e-09,2.605621e-09,3.078454e-08,8.315282e-08,1.188052e-07,9.113966e-08,1.858588e-08,1.994289e-08,2.269791e-07,5.997254e-07,8.429491e-07,6.412115e-07,1.341394e-07,1.250566e-07,1.486007e-06,3.963008e-06,5.639070e-06,4.404803e-06,1.016729e-06,7.117312e-07,9.857591e-06,2.808744e-05,4.298479e-05,3.719428e-05,1.065545e-05,5.136268e-06,1.064579e-04,4.064437e-04,9.345446e-04,1.601063e-03,2.201751e-03,2.501680e-03,2.360169e-03,1.819395e-03,1.092597e-03,4.514540e-04,8.221203e-05,2.709898e-06,8.851860e-05,1.788839e-04,1.816288e-04,1.079174e-04,2.838955e-05,5.830322e-08,2.452326e-05,6.110896e-05,7.070908e-05,4.745791e-05
824.980,1.757458e-08,9.977715e-09,3.006363e-10,1.117630e-08,5.826589e-08,1.197829e-07,1.371574e-07,7.519869e-08,2.052113e-09,8.220779e-08,4.160099e-07,8.377422e-07,9.452141e-07,5.161959e-07,1.633960e-08,5.199305e-07,2.672340e-06,5.426355e-06,6.216550e-06,3.524969e-06,1.580609e-07,3.179964e-06,1.779012e-05,3.854568e-05,4.785125e-05,3.070767e-05,2.304071e-06,2.793852e-05,2.088266e-04,6.248515e-04,1.260277e-03,1.965153e-03,2.495963e-03,2.630392e-03,2.293503e-03,1.612009e-03,8.530521e-04,2.808342e-04,2.230893e-05,2.634703e-05,1.332931e-04,1.953814e-04,1.610210e-04,7.435715e-05,9.946549e-06,5.029179e-06,3.991011e-05,6.885129e-05,6.404127e-05,3.378265e-05
825.224,1.898631e-08,6.596925e-09,7.786286e-10,2.941699e-08,9.727921e-08,1.582361e-07,1.426514e-07,4.761338e-08,5.992930e-09,2.088641e-07,6.727419e-07,1.073416e-06,9.554759e-07,3.204209e-07,3.408125e-08,1.303919e-06,4.234280e-06,6.818326e-06,6.191064e-06,2.204290e-06,1.532366e-07,8.126122e-06,2.821951e-05,4.862606e-05,4.836511e-05,2.025685e-05,6.506497e-07,7.881530e-05,3.622889e-04,9.031455e-04,1.627696e-03,2.327071e-03,2.737017e-03,2.674231e-03,2.146993e-03,1.362781e-03,6.195652e-04,1.471894e-04,3.307033e-07,6.660005e-05,1.711088e-04,1.954333e-04,1.306586e-04,4.362538e-05,9.486700e-07,1.627369e-05,5.384999e-05,7.060124e-05,5.312492e-05,2.084995e-05
825.469,1.800151e-08,2.466967e-09,7.537898e-09,6.101900e-08,1.467970e-07,1.916050e-07,1.300474e-07,1.676546e-08,5.393590e-08,4.187946e-07,9.835434e-07,1.261119e-06,8.474848e-07,1.125769e-07,3.239704e-07,2.565909e-06,6.063145e-06,7.862622e-06,5.429376e-06,8.182601e-07,1.826086e-06,1.607835e-05,4.044542e-05,5.645061e-05,4.337718e-05,8.498554e-06,1.392361e-05,1.693213e-04,5.751420e-04,1.238873e-03,2.020744e-03,2.662485e-03,2.903906e-03,2.626415e-03,1.930957e-03,1.091876e-03,4.097685e-04,5.656301e-05,1.052411e-05,1.132547e-04,1.956732e-04,1.799570e-04,9.569059e-05,1.969833e-05,1.236897e-06,3.075684e-05,6.380514e-05,6.642021e-05,3.994664e-05,1.037185e-05
825.714,1.415988e-08,1.157074e-11,2.539272e-08,1.086620e-07,2.025613e-07,2.110874e-07,9.806627e-08,2.429313e-11,1.741916e-07,7.214433e-07,1.315209e-06,1.348576e-06,6.229870e-07,5.004282e-10,1.037558e-06,4.329140e-06,7.942420e-06,8.264540e-06,3.973601e-06,1.691536e-08,6.062159e-06,2.715565e-05,5.308980e-05,5.996914e-05,3.290112e-05,5.448951e-07,5.264800e-05,3.109143e-04,8.518597e-04,1.623140e-03,2.417761e-03,2.946017e-03,2.980343e-03,2.488122e-03,1.662187e-03,8.208165e-04,2.375215e-04,9.446577e-06,4.378295e-05,1.566067e-04,2.036094e-04,1.523178e-04,6.146623e-05,4.969304e-06,9.092656e-06,4.523732e-05,6.822295e-05,5.738514e-05,2.662965e-05,3.406806e-06
825.959,8.032212e-09,3.458897e-09,5.970842e-08,1.726060e-07,2.565431e-07,2.079489e-07,5.286769e-08,2.458244e-08,3.947421e-07,1.109124e-06,1.614658e-06,1.290238e-06,3.290046e-07,1.393455e-07,2.308902e-06,6.513849e-06,9.557765e-06,7.790190e-06,2.126942e-06,6.973911e-07,1.361843e-05,4.085700e-05,6.415299e-05,5.745303e-05,1.881096e-05,4.235317e-06,1.289130e-04,5.132966e-04,1.191453e-03,2.040265e-03,2.793047e-03,3.153995e-03,2.956993e-03,2.268736e-03,1.362103e-03,5.699128e-04,1.113910e-04,1.143307e-06,8.925168e-05,1.888711e-04,1.946720e-04,1.174949e-04,3.259332e-05,6.406905e-09,2.172170e-05,5.687579e-05,6.670191e-05,4.527057e-05,1.503344e-05,2.587769e-07
826.204,1.910481e-09,1.886168e-08,1.151884e-07,2.492021e-07,2.973705e-07,1.768105e-07,1.139812e-08,1.257842e-07,7.353400e-07,1.550375e-06,1.814787e-06,1.066279e-06,7.124108e-08,7.152412e-07,4.211015e-06,8.911312e-06,1.054058e-05,6.368311e-06,5.098386e-07,3.898122e-06,2.488067e-05,5.591890e-05,7.126373e-05,4.815838e-05,5.463526e-06,3.000756e-05,2.551268e-04,7.825535e-04,1.586239e-03,2.468314e-03,3.119205e-03,3.267280e-03,2.832972e-03,1.985026e-03,1.054266e-03,3.558914e-04,3.393582e-05,2.287196e-05,1.360747e-04,2.051551e-04,1.714154e-04,8.105084e-05,1.222922e-05,3.670436e-06,3.588346e-05,6.369758e-05,5.992026e-05,3.213824e-05,6.456011e-06,5.340398e-07
826.449,4.205789e-10,5.354426e-08,1.941144e-07,3.297856e-07,3.122049e-07,1.199966e-07,3.449340e-09,3.420395e-07,1.197769e-06,1.987065e-06,1.848022e-06,7.044042e-07,1.759103e-08,1.912050e-06,6.708600e-06,1.118240e-05,1.054852e-05,4.196497e-06,5.757488e-08,1.060860e-05,3.961063e-05,7.030984e-05,7.214734e-05,3.307871e-05,8.798371e-08,9.025835e-05,4.423317e-04,1.119355e-03,2.021302e-03,2.880596e-03,3.370022e-03,3.273786e-03,2.616330e-03,1.659330e-03,7.616020e-04,1.900815e-04,1.884472e-06,6.339668e-05,1.749898e-04,2.038627e-04,1.384217e-04,4.811313e-05,1.713573e-06,1.353213e-05,4.852786e-05,6.483602e-05,4.937014e-05,1.992696e-05,1.484197e-06,3.322356e-06
826.694,1.079659e-08,1.147946e-07,2.942964e-07,4.005782e-07,2.903463e-07,5.217246e-08,7.103082e-08,7.060267e-07,1.756332e-06,2.338172e-06,1.667488e-06,2.993407e-07,3.858059e-07,3.862814e-06,9.619104e-06,1.289250e-05,9.377303e-06,1.824377e-06,1.934295e-06,2.150922e-05,5.674556e-05,8.142281e-05,6.529325e-05,1.565823e-05,1.278273e-05,1.981550e-04,6.982585e-04,1.517531e-03,2.474872e-03,3.248008e-03,3.523517e-03,3.170256e-03,2.323392e-03,1.316985e-03,5.037615e-04,7.742703e-05,7.136728e-06,1.108854e-04,1.995115e-04,1.865106e-04,1.012690e-04,2.255311e-05,5.744932e-07,2.647467e-05,5.731540e-05,6.053594e-05,3.697463e-05,1.012396e-05,8.713409e-10,7.448071e-06
826.939,4.250527e-08,2.077686e-07,4.072452e-07,4.442573e-07,2.284315e-07,3.961285e-09,2.637581e-07,1.232919e-06,2.351647e-06,2.512597e-06,1.273299e-06,2.309657e-08,1.411314e-06,6.592776e-06,1.259709e-05,1.358957e-05,7.086415e-06,1.810680e-07,7.350942e-06,3.668062e-05,7.432437e-05,8.650241e-05,5.074966e-05,2.301973e-06,5.599224e-05,3.659565e-04,1.025384e-03,1.963328e-03,2.919699e-03,3.542022e-03,3.564719e-03,2.963007e-03,1.977007e-03,9.833763e-04,2.950098e-04,1.644588e-05,3.838566e-05,1.546763e-04,2.065381e-04,1.570462e-04,6.545496e-05,6.492330e-06,6.862717e-06,3.934328e-05,6.093445e-05,5.194841e-05,2.467888e-05,3.570700e-06,1.324098e-06,1.173025e-05
827.184,1.059389e-07,3.328230e-07,5.173191e-07,4.436835e-07,1.364926e-07,2.283916e-08,6.295398e-07,1.907709e-06,2.891373e-06,2.431722e-06,7.387119e-07,1.185846e-07,3.295260e-06,9.966432e-06,1.515678e-05,1.292229e-05,4.110650e-06,5.161464e-07,1.729561e-05,5.534562e-05,8.961144e-05,8.329961e-05,3.091920e-05,2.510346e-06,1.434052e-04,6.030094e-04,1.419318e-03,2.435596e-03,3.325378e-03,3.737912e-03,3.487738e-03,2.667474e-03,1.603943e-03,6.810468e-04,1.429481e-04,9.327037e-08,8.305715e-05,1.866687e-04,1.963394e-04,1.208421e-04,3.547531e-05,1.878936e-07,1.770922e-05,4.951101e-05,5.918160e-05,4.078600e-05,1.409967e-05,4.212647e-07,4.429787e-06,1.519873e-05
827.429,2.100407e-07,4.828207e-07,6.027063e-07,3.878426e-07,4.345193e-08,1.695651e-07,1.200962e-06,2.675024e-06,3.261135e-06,2.059807e-06,2.284436e-07,8.707669e-07,6.138670e-06,1.365533e-05,1.674302e-05,1.078320e-05,1.321329e-06,4.234664e-06,3.221142e-05,7.572282e-05,9.946695e-05,7.089210e-05,1.118816e-05,2.849304e-05,2.883134e-04,9.136860e-04,1.867849e-03,2.907017e-03,3.661382e-03,3.817777e-03,3.296788e-03,2.306561e-03,1.231797e-03,4.272913e-04,4.822556e-05,1.733858e-05,1.292300e-04,2.021451e-04,1.719919e-04,8.358386e-05,1.420629e-05,2.269084e-06,2.997043e-05,5.526363e-05,5.282356e-05,2.892654e-05,6.292878e-06,2.368072e-07,8.199920e-06,1.723081e-05
827.673,3.590078e-07,6.412736e-07,6.389909e-07,2.793736e-07,5.575859e-11,5.089094e-07,1.979313e-06,3.435752e-06,3.347376e-06,1.437051e-06,2.814382e-10,2.553486e-06,9.875188e-06,1.714441e-05,1.685148e-05,7.448385e-06,1.030049e-09,1.262754e-05,5.168406e-05,9.507204e-05,1.009705e-04,5.054964e-05,2.064315e-07,9.418227e-05,5.015835e-04,1.295593e-03,2.350912e-03,3.346352e-03,3.900436e-03,3.772901e-03,3.005955e-03,1.908049e-03,8.858727e-04,2.325766e-04,5.229036e-06,5.515312e-05,1.672285e-04,1.999486e-04,1.384279e-04,5.026392e-05,2.664010e-06,1.023259e-05,4.082584e-05,5.595601e-05,4.330016e-05,1.805078e-05,1.665389e-06,2.174701e-06,1.164287e-05,1.759605e-05
827.918,5.486056e-07,7.824032e-07,6.056211e-07,1.422101e-07,7.701870e-08,1.094598e-06,2.919861e-06,4.054746e-06,3.071057e-06,7.070407e-07,3.821297e-07,5.356398e-06,1.422043e-05,1.979100e-05,1.518546e-05,3.675238e-06,1.704896e-06,2.652667e-05,7.422133e-05,1.099930e-04,9.224822e-05,2.647632e-05,9.655745e-06,2.136636e-04,7.895012e-04,1.738402e-03,2.841640e-03,3.721482e-03,4.021759e-03,3.605063e-03,2.637710e-03,1.501401e-03,5.864948e-04,9.998443e-05,3.576288e-06,1.005594e-04,1.906622e-04,1.820622e-04,1.013129e-04,2.444717e-05,1.317149e-07,2.106555e-05,4.822133e-05,5.194524e-05,3.235167e-05,9.379022e-06,2.406623e-08,5.218385e-06,1.404748e-05,1.641762e-05
828.163,7.630586e-07,8.741688e-07,4.948433e-07,2.706917e-08,3.565271e-07,1.950130e-06,3.923338e-06,4.382535e-06,2.427453e-06,1.283148e-07,1.720400e-06,9.303904e-06,1.865853e-05,2.094158e-05,1.182211e-05,7.168802e-07,8.001793e-06,4.594410e-05,9.721285e-05,1.169989e-04,7.339124e-05,6.238400e-06,5.340476e-05,3.991594e-04,1.151822e-03,2.223587e-03,3.308487e-03,4.002877e-03,4.013697e-03,3.326563e-03,2.220362e-03,1.114450e-03,3.471263e-04,2.569345e-05,3.011535e-05,1.424109e-04,1.968095e-04,1.527405e-04,6.597412e-05,7.903384e-06,4.576527e-06,3.185943e-05,5.109791e-05,4.434946e-05,2.165510e-05,3.540871e-06,7.276321e-07,8.395272e-06,1.505326e-05,1.407449e-05
828.408,9.738146e-07,8.849196e-07,3.216619e-07,1.205853e-08,9.163898e-07,3.049141e-06,4.838964e-06,4.291094e-06,1.523421e-06,6.008389e-08,4.302143e-06,1.418497e-05,2.248416e-05,2.009743e-05,7.347873e-06,2.188228e-07,2.011739e-05,6.977904e-05,1.171440e-04,1.133295e-04,4.729981e-05,6.999047e-07,1.460459e-04,6.588116e-04,1.580390e-03,2.725262e-03,3.718224e-03,4.167028e-03,3.875326e-03,2.958928e-03,1.784812e-03,7.704528e-04,1.735234e-04,3.504828e-07,7.107271e-05,1.726484e-04,1.863629e-04,1.174042e-04,3.656153e-05,6.165108e-07,1.323269e-05,4.030018e-05,4.939759e-05,3.470869e-05,1.253849e-05,5.794820e-07,2.892566e-06,1.094227e-05,1.463962e-05,1.107591e-05
828.653,1.141572e-06,7.935241e-07,1.323525e-07,1.958542e-07,1.808014e-06,4.300813e-06,5.483294e-06,3.719669e-06,6.006774e-07,9.154259e-07,8.261652e-06,1.951688e-05,2.490971e-05,1.710386e-05,2.917225e-06,3.982299e-06,3.853376e-05,9.568771e-05,1.301007e-04,9.790231e-05,2.025622e-05,2.334287e-05,3.009274e-04,9.945990e-04,2.058633e-03,3.212138e-03,4.039458e-03,4.199324e-03,3.616755e-03,2.530466e-03,1.361096e-03,4.859064e-04,6.398211e-05,1.104252e-05,1.139997e-04,1.868980e-04,1.626715e-04,8.152630e-05,1.555613e-05,1.109107e-06,2.321501e-05,4.496282e-05,4.388392e-05,2.463017e-05,5.814357e-06,6.399811e-08,5.602269e-06,1.239705e-05,1.305316e-05,7.938882e-06
828.898,1.222636e-06,6.016782e-07,8.312016e-09,6.819565e-07,3.031759e-06,5.546712e-06,5.676372e-06,2.722064e-06,3.296784e-08,3.081837e-06,1.349063e-05,2.456527e-05,2.523356e-05,1.232268e-05,1.930299e-07,1.360768e-05,6.262890e-05,1.202015e-04,1.325465e-04,7.224291e-05,2.035364e-06,8.894240e-05,5.279124e-04,1.400755e-03,2.562165e-03,3.650417e-03,4.246199e-03,4.095948e-03,3.258065e-03,2.073022e-03,9.751959e-04,2.694089e-04,1.054995e-05,4.350887e-05,1.492370e-04,1.844030e-04,1.306808e-04,4.970385e-05,3.656787e-06,6.968979e-06,3.204228e-05,4.538889e-05,3.584494e-05,1.548979e-05,1.741632e-06,1.267058e-06,8.077997e-06,1.261276e-05,1.070064e-05,5.092233e-06
829.143,1.179862e-06,3.458096e-07,6.194175e-08,1.554518e-06,4.515532e-06,6.574831e-06,5.292302e-06,1.502952e-06,2.876591e-07,6.818005e-06,1.957699e-05,2.843537e-05,2.304726e-05,6.738133e-06,1.143523e-06,3.006601e-05,9.045590e-05,1.391463e-04,1.222839e-04,4.119435e-05,5.408817e-06,2.116855e-04,8.311921e-04,1.863024e-03,3.060528e-03,4.007313e-03,4.320967e-03,3.864473e-03,2.827010e-03,1.618408e-03,6.465838e-04,1.216464e-04,9.305853e-07,8.422780e-05,1.707300e-04,1.674009e-04,9.580127e-05,2.505028e-05,1.242464e-09,1.544513e-05,3.798869e-05,4.197217e-05,2.675772e-05,8.235952e-06,9.808797e-08,3.359532e-06,9.786328e-06,1.170997e-05,8.036406e-06,2.819904e-06
829.388,9.971546e-07,1.049184e-07,4.221521e-07,2.848928e-06,6.104013e-06,7.154013e-06,4.316089e-06,4.291091e-07,1.848620e-06,1.214538e-05,2.579849e-05,3.023555e-05,1.844216e-05,1.947933e-06,7.699586e-06,5.327936e-05,1.187578e-04,1.483605e-04,9.944996e-05,1.320403e-05,4.498726e-05,4.029457e-04,1.207525e-03,2.358998e-03,3.519943e-03,4.254710e-03,4.256955e-03,3.523059e-03,2.355823e-03,1.195032e-03,3.867787e-04,3.641143e-05,2.072161e-05,1.220731e-04,1.761611e-04,1.401371e-04,6.291095e-05,8.959020e-06,2.621067e-06,2.398958e-05,4.022906e-05,3.571089e-05,1.798621e-05,3.313448e-06,3.262927e-07,5.581000e-06,1.047610e-05,9.989419e-06,5.467669e-06,1.245473e-06
829.633,6.949595e-07,2.756777e-10,1.209082e-06,4.523184e-06,7.565838e-06,7.087374e-06,2.893762e-06,3.127095e-09,5.106702e-06,1.876099e-05,3.119144e-05,2.929579e-05,1.216336e-05,4.817475e-09,2.131189e-05,8.181244e-05,1.432863e-04,1.446424e-04,6.734840e-05,2.481702e-08,1.354631e-04,6.690284e-04,1.645254e-03,2.859616e-03,3.906770e-03,4.372443e-03,4.058925e-03,3.098347e-03,1.877601e-03,8.251728e-04,1.990603e-04,2.400212e-06,5.560953e-05,1.493445e-04,1.664837e-04,1.077426e-04,3.564338e-05,1.213488e-06,9.003490e-06,3.065436e-05,3.879060e-05,2.790030e-05,1.056370e-05,6.966819e-07,1.709133e-06,7.358226e-06,1.015369e-05,7.831833e-06,3.291944e-06,3.507590e-07
829.878,3.427397e-07,1.835317e-07,2.500574e-06,6.438284e-06,8.623818e-06,6.277529e-06,1.359828e-06,7.930754e-07,1.023505e-05,2.600108e-05,3.470180e-05,2.540348e-05,5.656442e-06,3.101660e-06,4.248370e-05,1.127804e-04,1.594402e-04,1.267873e-04,3.290762e-05,1.574934e-05,2.894417e-04,1.009257e-03,2.124371e-03,3.331723e-03,4.191199e-03,4.350719e-03,3.742693e-03,2.622379e-03,1.422773e-03,5.232545e-04,7.926511e-05,5.435936e-06,9.319647e-05,1.621073e-04,1.450359e-04,7.518977e-05,1.603182e-05,3.575941e-07,1.663586e-05,3.429809e-05,3.435950e-05,1.983648e-05,5.083620e-06,2.360635e-09,3.534370e-06,8.360527e-06,9.015912e-06,5.607551e-06,1.671076e-06,1.628080e-08
830.122,6.360137e-08,8.117090e-07,4.296334e-06,8.356499e-06,9.008753e-06,4.790493e-06,2.267574e-07,3.321173e-06,1.707625e-05,3.288127e-05,3.540657e-05,1.900370e-05,9.633378e-07,1.312958e-05,7.038206e-05,1.420551e-04,1.631724e-04,9.652159e-05,6.585358e-06,7.521084e-05,5.151579e-04,1.414768e-03,2.617743e-03,3.741404e-03,4.350670e-03,4.191313e-03,3.333257e-03,2.128973e-03,1.016163e-03,2.952721e-04,1.743817e-05,3.073582e-05,1.242354e-04,1.599021e-04,1.164547e-04,4.649176e-05,4.504398e-06,4.207953e-06,2.343549e-05,3.460241e-05,2.800907e-05,1.258548e-05,1.696127e-06,6.420671e-07,5.218943e-06,8.496223e-06,7.363990e-06,3.611228e-06,6.375910e-07,6.991915e-08
830.367,2.650679e-08,2.010694e-06,6.488605e-06,9.964701e-06,8.531052e-06,2.900928e-06,1.261658e-07,7.926497e-06,2.507365e-05,3.822696e-05,3.277188e-05,1.130441e-05,4.489150e-07,3.117763e-05,1.026389e-04,1.648053e-04,1.520420e-04,5.912153e-05,1.613721e-06,1.919111e-04,8.144439e-04,1.868293e-03,3.093430e-03,4.057667e-03,4.372519e-03,3.907341e-03,2.861870e-03,1.650107e-03,6.749786e-04,1.393430e-04,7.532050e-10,6.488030e-05,1.431794e-04,1.449814e-04,8.560918e-05,2.423486e-05,1.602561e-07,1.038523e-05,2.800893e-05,3.193552e-05,2.091827e-05,6.847566e-06,1.871420e-07,1.976100e-06,6.378562e-06,7.865274e-06,5.520101e-06,2.027989e-06,1.236894e-07,3.320578e-07
830.612,4.232388e-07,3.832693e-06,8.849681e-06,1.092557e-05,7.157532e-06,1.100613e-06,1.700960e-06,1.462829e-05,3.327775e-05,4.088845e-05,2.689534e-05,4.234364e-06,6.376342e-06,5.707456e-05,1.354378e-04,1.763377e-04,1.262269e-04,2.352033e-05,3.258831e-05,3.757516e-04,1.181318e-03,2.345097e-03,3.517855e-03,4.255939e-03,4.255450e-03,3.521671e-03,2.362481e-03,1.212782e-03,4.079617e-04,4.718003e-05,1.205055e-05,9.723617e-05,1.480781e-04,1.212868e-04,5.672993e-05,9.459188e-06,1.218535e-06,1.676299e-05,2.972910e-05,2.712204e-05,1.413602e-05,2.920729e-06,1.054277e-07,3.438641e-06,6.842578e-06,6.688358e-06,3.762156e-06,9.293947e-07,1.113107e-09,6.493240e-07
830.857,1.430493e-06,6.216823e-06,1.104558e-05,1.095289e-05,5.075123e-06,5.594261e-08,5.460330e-06,2.302424e-05,4.044792e-05,4.001251e-05,1.866967e-05,2.237359e-07,2.039039e-05,8.908832e-05,1.639386e-04,1.731361e-04,8.928446e-05,1.776031e-06,1.135318e-04,6.309192e-04,1.601502e-03,2.815019e-03,3.859399e-03,4.320899e-03,4.009620e-03,3.064192e-03,1.868072e-03,8.367779e-04,2.156729e-04,6.162963e-06,3.944063e-05,1.207106e-04,1.399591e-04,9.338560e-05,3.284206e-05,1.834001e-06,5.521501e-06,2.176926e-05,2.865634e-05,2.118388e-05,8.425728e-06,7.470460e-07,9.017468e-07,4.617217e-06,6.625147e-06,5.232322e-06,2.284723e-06,2.919273e-07,1.210625e-07,9.135590e-07
831.102,3.161744e-06,8.964361e-06,1.268130e-05,9.899327e-06,2.720881e-06,5.093442e-07,1.162269e-05,3.225907e-05,4.525159e-05,3.531992e-05,9.807803e-06,1.813102e-06,4.300425e-05,1.238899e-04,1.830314e-04,1.539239e-04,4.845373e-05,7.873393e-06,2.556818e-04,9.543005e-04,2.053045e-03,3.245418e-03,4.091936e-03,4.248207e-03,3.655344e-03,2.568377e-03,1.407382e-03,5.335143e-04,9.175836e-05,1.631070e-06,7.036772e-05,1.318419e-04,1.218921e-04,6.555127e-05,1.553506e-05,3.213140e-08,1.098811e-05,2.451823e-05,2.535396e-05,1.510782e-05,4.200370e-06,1.297306e-08,2.050378e-06,5.282787e-06,5.869676e-06,3.747502e-06,1.186626e-06,2.813461e-08,3.463448e-07,1.066610e-06
831.347,5.617975e-06,1.174014e-05,1.337627e-05,7.838225e-06,7.602812e-07,3.132523e-06,1.998193e-05,4.109058e-05,4.653881e-05,2.732465e-05,2.688294e-06,1.113857e-05,7.320692e-05,1.568519e-04,1.883314e-04,1.205441e-04,1.435067e-05,5.595816e-05,4.653374e-04,1.334743e-03,2.508067e-03,3.604640e-03,4.197801e-03,4.044904e-03,3.220618e-03,2.067627e-03,1.002448e-03,3.060740e-04,2.488696e-05,1.903578e-05,9.631987e-05,1.303392e-04,9.795335e-05,4.111195e-05,5.034544e-06,2.191163e-06,1.594621e-05,2.478710e-05,2.065791e-05,9.677470e-06,1.538505e-06,2.708208e-07,3.134161e-06,5.377626e-06,4.784537e-06,2.425883e-06,4.801690e-07,2.072101e-08,5.717305e-07,1.094252e-06
831.592,8.649731e-06,1.410828e-05,1.286029e-05,5.116787e-06,3.901483e-09,8.354089e-06,2.983597e-05,4.806289e-05,4.364599e-05,1.742828e-05,1.346057e-08,2.938109e-05,1.083064e-04,1.826925e-04,1.772635e-04,7.844126e-05,4.456416e-10,1.582233e-04,7.421332e-04,1.753373e-03,2.935439e-03,3.865526e-03,4.169751e-03,3.728420e-03,2.737840e-03,1.591912e-03,6.672086e-04,1.502343e-04,9.955048e-07,4.566596e-05,1.123611e-04,1.182572e-04,7.228119e-05,2.211771e-05,4.937792e-07,6.357680e-06,1.931087e-05,2.287931e-05,1.545501e-05,5.385526e-06,2.575818e-07,1.052721e-06,3.886352e-06,4.974722e-06,3.584934e-06,1.382397e-06,1.140049e-07,1.520604e-07,7.320701e-07,1.013770e-06
831.837,1.194396e-05,1.560380e-05,1.107186e-05,2.358937e-06,1.265706e-06,1.619667e-05,4.001118e-05,5.177281e-05,3.666455e-05,7.838317e-06,4.315093e-06,5.629545e-05,1.440949e-04,1.964016e-04,1.500317e-04,3.658102e-05,1.927210e-05,3.227608e-04,1.078069e-03,2.185014e-03,3.304064e-03,4.008462e-03,4.011654e-03,3.324385e-03,2.240232e-03,1.165136e-03,4.072564e-04,5.623923e-05,5.475953e-06,7.177189e-05,1.168416e-04,9.901222e-05,4.835723e-05,9.309433e-06,4.010583e-07,1.083773e-05,2.061310e-05,1.942791e-05,1.050955e-05,2.422486e-06,1.578029e-08,1.957238e-06,4.192942e-06,4.224479e-06,2.450502e-06,6.563396e-07,1.149207e-09,3.247345e-07,8.003424e-07,8.596374e-07
832.082,1.504669e-05,1.583289e-05,8.234867e-06,4.031045e-07,5.181807e-06,2.616524e-05,4.900061e-05,5.118874e-05,2.660360e-05,1.289224e-06,1.738583e-05,8.993996e-05,1.753666e-04,1.943134e-04,1.102608e-04,6.722608e-06,8.490261e-05,5.517344e-04,1.457526e-03,2.600568e-03,3.586302e-03,4.023539e-03,3.737826e-03,2.863568e-03,1.758444e-03,8.035057e-04,2.206219e-04,1.095705e-05,2.500560e-05,9.103811e-05,1.106986e-04,7.643512e-05,2.858240e-05,2.322327e-06,3.001450e-06,1.441239e-05,1.991100e-05,1.519085e-05,6.358389e-06,7.240418e-07,4.152869e-07,2.699470e-06,4.066024e-06,3.302648e-06,1.502325e-06,2.266847e-07,4.512721e-08,4.718399e-07,7.791879e-07,6.707233e-07
832.327,1.742644e-05,1.458493e-05,4.888873e-06,1.727624e-07,1.202328e-05,3.722582e-05,5.521049e-05,4.595993e-05,1.538590e-05,5.871036e-07,3.974708e-05,1.267063e-04,1.967499e-04,1.751357e-04,6.512789e-05,2.077372e-06,2.063969e-04,8.402092e-04,1.858357e-03,2.970065e-03,3.761057e-03,3.911516e-03,3.371149e-03,2.378420e-03,1.317790e-03,5.150213e-04,9.935127e-05,6.286588e-08,4.882450e-05,1.004683e-04,9.654762e-05,5.400602e-05,1.414752e-05,2.999056e-08,6.653026e-06,1.641285e-05,1.762979e-05,1.087880e-05,3.276599e-06,5.232910e-08,1.086885e-06,3.125247e-06,3.601631e-06,2.369248e-06,7.980843e-07,3.410311e-08,1.597108e-07,5.582698e-07,6.896877e-07,4.810520e-07
832.571,1.857421e-05,1.193180e-05,1.853171e-06,2.493897e-06,2.154623e-05,4.790075e-05,5.728175e-05,3.664273e-05,5.643109e-06,8.043834e-06,7.027723e-05,1.617009e-04,2.037376e-04,1.407232e-04,2.487821e-05,3.550509e-05,3.881440e-04,1.175887e-03,2.253938e-03,3.265950e-03,3.816084e-03,3.683475e-03,2.940266e-03,1.899701e-03,9.364156e-04,3.000056e-04,3.154062e-05,9.938761e-06,6.938488e-05,9.982659e-05,7.775545e-05,3.435278e-05,5.146825e-06,9.319312e-07,1.006945e-05,1.667746e-05,1.437938e-05,7.039352e-06,1.300776e-06,8.620624e-08,1.744918e-06,3.197001e-06,2.934737e-06,1.543166e-06,3.407702e-07,3.299464e-09,2.804091e-07,5.756302e-07,5.605022e-07,3.147373e-07
832.816,1.812519e-05,8.286939e-06,1.168123e-07,7.890164e-06,3.292294e-05,5.648399e-05,5.442859e-05,2.477556e-05,3.162639e-07,2.490406e-05,1.061102e-04,1.894601e-04,1.937420e-04,9.640377e-05,1.722503e-06,1.175046e-04,6.280834e-04,1.539862e-03,2.615949e-03,3.466155e-03,3.749200e-03,3.359263e-03,2.476298e-03,1.453633e-03,6.245421e-04,1.524653e-04,3.475672e-06,2.907739e-05,8.240953e-05,9.082217e-05,5.764870e-05,1.903097e-05,8.520381e-07,3.503524e-06,1.243432e-05,1.543000e-05,1.078953e-05,4.003823e-06,2.897565e-07,5.007966e-07,2.210643e-06,2.962378e-06,2.201011e-06,8.925900e-07,9.502859e-08,6.120235e-08,3.681234e-07,5.338841e-07,4.193862e-07,1.846644e-07
833.061,1.597819e-05,4.399951e-06,6.630998e-07,1.639889e-05,4.478795e-05,6.135206e-05,4.672048e-05,1.275617e-05,2.113461e-06,5.088822e-05,1.428738e-04,2.049107e-04,1.669692e-04,5.073034e-05,8.234418e-06,2.543179e-04,9.171843e-04,1.908335e-03,2.917476e-03,3.556507e-03,3.568245e-03,2.964982e-03,2.009549e-03,1.059907e-03,3.847398e-04,6.197042e-05,1.564832e-06,4.889062e-05,8.648217e-05,7.622449e-05,3.895125e-05,8.548958e-06,5.577959e-08,6.454982e-06,1.340058e-05,1.312321e-05,7.388774e-06,1.889412e-06,4.549860e-10,1.024197e-06,2.408826e-06,2.516838e-06,1.510634e-06,4.381840e-07,5.524064e-09,1.487852e-07,4.068365e-07,4.524677e-07,2.879347e-07,9.386186e-08
833.306,1.238344e-05,1.272822e-06,4.255185e-06,2.745531e-05,5.541199e-05,6.131878e-05,3.523337e-05,3.512464e-06,1.291787e-05,8.396932e-05,1.752730e-04,2.044164e-04,1.269155e-04,1.462525e-05,5.547027e-05,4.464751e-04,1.239880e-03,2.255092e-03,3.136010e-03,3.532140e-03,3.289857e-03,2.529924e-03,1.566626e-03,7.307027e-04,2.130591e-04,1.571453e-05,1.383846e-05,6.393507e-05,8.234061e-05,5.906591e-05,2.348406e-05,2.568087e-06,1.404224e-06,8.876856e-06,1.300678e-05,1.028640e-05,4.537384e-06,6.402225e-07,1.599735e-07,1.467279e-06,2.346342e-06,1.969345e-06,9.355067e-07,1.643048e-07,1.306514e-08,2.263070e-07,3.977967e-07,3.528054e-07,1.794614e-07,3.832650e-08
833.551,7.970509e-06,1.605346e-14,1.122442e-05,3.988553e-05,6.298921e-05,5.596192e-05,2.201313e-05,3.362674e-09,3.326543e-05,1.204680e-04,1.979536e-04,1.867199e-04,8.034105e-05,5.201998e-13,1.511056e-04,6.880513e-04,1.575441e-03,2.554373e-03,3.255904e-03,3.397755e-03,2.937279e-03,2.083397e-03,1.168327e-03,4.707124e-04,1.007295e-04,4.441037e-07,3.089499e-05,7.165457e-05,7.205325e-05,4.203593e-05,1.210648e-05,1.943948e-07,3.661936e-06,1.027695e-05,1.154889e-05,7.404475e-06,2.411502e-06,8.803769e-08,5.213321e-07,1.729040e-06,2.082458e-06,1.416783e-06,5.080000e-07,3.344648e-08,6.607374e-08,2.731636e-07,3.525450e-07,2.532045e-07,9.930550e-08,1.020497e-08
833.796,3.696419e-06,1.553624e-06,2.131081e-05,5.203078e-05,6.599353e-05,4.584437e-05,9.827864e-06,4.630485e-06,6.201408e-05,1.554935e-04,2.065093e-04,1.535786e-04,3.666020e-05,1.803761e-05,2.979029e-04,9.668015e-04,1.900124e-03,2.783756e-03,3.269961e-03,3.166723e-03,2.537545e-03,1.651871e-03,8.284606e-04,2.780374e-04,3.610662e-05,4.020854e-06,4.628186e-05,7.179306e-05,5.823599e-05,2.711375e-05,4.841485e-06,2.843431e-07,5.879899e-06,1.053265e-05,9.444329e-06,4.841841e-06,1.026175e-06,1.530899e-08,8.971575e-07,1.784075e-06,1.699173e-06,9.292699e-07,2.277266e-07,7.882070e-13,1.267217e-07,2.842323e-07,2.865584e-07,1.662833e-07,4.661409e-08,5.585037e-10
834.041,7.096250e-07,6.552497e-06,3.360180e-05,6.199839e-05,6.353671e-05,3.256366e-05,1.729533e-06,1.867282e-05,9.630168e-05,1.836897e-04,1.984550e-04,1.099393e-04,6.797395e-06,7.740323e-05,4.927854e-04,1.265196e-03,2.189783e-03,2.926615e-03,3.179945e-03,2.859212e-03,2.118482e-03,1.256783e-03,5.536473e-04,1.456843e-04,6.563004e-06,1.647996e-05,5.638813e-05,6.564848e-05,4.342140e-05,1.543290e-05,1.110646e-06,1.705625e-06,7.463876e-06,9.791967e-06,7.115845e-06,2.812123e-06,2.811905e-07,2.076602e-07,1.171750e-06,1.660251e-06,1.277317e-06,5.456068e-07,7.230413e-08,2.086536e-08,1.723666e-07,2.646574e-07,2.145388e-07,9.850878e-08,1.669198e-08,1.310078e-09
834.286,1.445919e-07,1.506447e-05,4.660057e-05,6.800514e-05,5.564946e-05,1.859293e-05,4.913202e-07,4.186702e-05,1.318402e-04,2.001731e-04,1.739696e-04,6.356638e-05,1.658733e-06,1.826800e-04,7.267025e-04,1.562230e-03,2.422586e-03,2.973826e-03,2.996005e-03,2.499665e-03,1.705920e-03,9.132017e-04,3.439700e-04,6.337258e-05,8.004616e-08,3.055009e-05,5.998367e-05,5.532243e-05,2.963837e-05,7.333596e-06,5.058333e-09,3.518948e-06,8.159743e-06,8.356857e-06,4.910842e-06,1.385425e-06,1.392880e-08,4.891565e-07,1.296098e-06,1.414056e-06,8.811303e-07,2.763463e-07,8.639869e-09,6.190291e-08,1.936553e-07,2.246564e-07,1.476706e-07,5.114860e-08,3.229015e-09,6.291606e-09
834.531,2.881126e-06,2.649272e-05,5.843023e-05,6.875149e-05,4.341277e-05,6.917900e-06,8.022951e-06,7.223963e-05,1.635283e-04,2.015028e-04,1.362444e-04,2.413746e-05,3.045427e-05,3.333032e-04,9.853405e-04,1.835753e-03,2.581423e-03,2.924508e-03,2.735134e-03,2.114008e-03,1.321469e-03,6.294161e-04,1.942611e-04,1.935266e-05,6.390514e-06,4.168946e-05,5.756309e-05,4.308214e-05,1.820958e-05,2.538210e-06,5.332606e-07,5.071138e-06,7.983297e-06,6.575715e-06,3.060490e-06,5.200164e-07,4.691961e-08,7.390944e-07,1.272346e-06,1.109150e-06,5.514466e-07,1.112560e-07,2.332910e-09,1.004406e-07,1.908571e-07,1.753590e-07,9.265299e-08,2.190314e-08,4.001183e-13,1.152716e-08
834.776,9.316698e-06,3.958488e-05,6.714967e-05,6.374981e-05,2.889050e-05,5.200960e-07,2.488379e-05,1.062561e-04,1.862954e-04,1.864950e-04,9.133153e-05,1.924518e-06,9.914595e-05,5.231911e-04,1.250597e-03,2.064972e-03,2.655693e-03,2.785738e-03,2.418950e-03,1.726976e-03,9.810552e-04,4.073548e-04,9.574506e-05,1.995625e-06,1.761773e-05,4.775322e-05,5.064424e-05,3.090245e-05,9.735485e-06,3.816493e-07,1.808283e-06,6.009325e-06,7.124408e-06,4.762336e-06,1.673751e-06,1.046623e-07,2.227187e-07,8.931206e-07,1.134197e-06,8.011672e-07,3.058402e-07,2.817104e-08,2.400579e-08,1.247353e-07,1.697933e-07,1.261113e-07,5.201885e-08,6.625283e-09,1.899518e-09,1.499383e-08
835.020,1.920474e-05,5.258195e-05,7.112817e-05,5.352931e-05,1.485218e-05,1.796571e-06,5.000572e-05,1.392911e-04,1.960363e-04,1.567134e-04,4.747774e-05,6.259306e-06,2.092870e-04,7.411563e-04,1.502602e-03,2.232782e-03,2.642228e-03,2.571341e-03,2.071143e-03,1.359894e-03,6.943315e-04,2.436552e-04,3.775684e-05,9.907359e-07,2.844403e-05,4.843623e-05,4.113988e-05,2.020749e-05,4.210107e-06,3.884014e-08,3.158510e-06,6.237853e-06,5.851223e-06,3.148029e-06,7.562439e-07,5.220303e-11,4.235741e-07,9.336782e-07,9.283964e-07,5.295629e-07,1.432491e-07,9.946347e-10,5.241944e-08,1.316139e-07,1.383081e-07,8.321644e-08,2.517520e-08,7.426025e-10,5.355840e-09,1.611526e-08
835.265,3.160451e-05,6.349373e-05,6.940551e-05,3.965865e-05,4.319659e-06,1.202955e-05,8.070472e-05,1.663587e-04,1.904608e-04,1.165155e-04,1.402523e-05,4.403415e-05,3.574590e-04,9.720514e-04,1.721996e-03,2.327569e-03,2.545274e-03,2.299978e-03,1.714953e-03,1.029140e-03,4.648776e-04,1.311258e-04,9.297390e-06,8.081205e-06,3.590385e-05,4.463368e-05,3.087753e-05,1.179278e-05,1.207141e-06,7.092459e-07,4.165808e-06,5.843792e-06,4.432183e-06,1.865197e-06,2.422377e-07,7.169312e-08,5.771879e-07,8.752350e-07,7.005014e-07,3.155812e-07,5.056175e-08,5.572810e-09,7.493072e-08,1.234296e-07,1.037705e-07,4.980336e-08,9.667815e-09,2.095349e-10,8.297797e-09,1.519667e-08
835.510,4.496901e-05,7.045798e-05,6.195885e-05,2.456065e-05,1.364180e-08,3.102019e-05,1.130064e-04,1.829822e-04,1.696926e-04,7.261266e-05,4.547241e-08,1.184912e-04,5.354142e-04,1.198482e-03,1.892119e-03,2.344283e-03,2.375592e-03,1.992862e-03,1.371004e-03,7.453944e-04,2.910522e-04,6.034019e-05,2.575866e-07,1.735032e-05,3.893010e-05,3.783777e-05,2.129761e-05,5.883498e-06,8.108521e-08,1.738544e-06,4.646928e-06,5.014818e-06,3.084582e-06,9.550695e-07,2.927333e-08,2.108238e-07,6.521956e-07,7.489384e-07,4.861562e-07,1.645498e-07,9.148450e-09,2.305896e-08,8.618763e-08,1.051882e-07,7.169643e-08,2.639878e-08,2.321554e-09,1.983334e-09,9.851203e-09,1.293757e-08
835.755,5.736943e-05,7.211595e-05,4.980938e-05,1.113619e-05,3.804356e-06,5.697585e-05,1.422479e-04,1.860457e-04,1.364845e-04,3.319394e-05,1.292867e-05,2.285093e-04,7.309126e-04,1.402827e-03,2.000809e-03,2.284651e-03,2.148863e-03,1.671413e-03,1.055725e-03,5.136479e-04,1.672642e-04,2.113060e-05,2.226259e-06,2.513373e-05,3.778712e-05,2.965027e-05,1.332192e-05,2.274742e-06,1.424123e-07,2.675389e-06,4.599841e-06,3.967138e-06,1.950484e-06,3.900109e-07,7.894211e-09,3.434229e-07,6.477921e-07,5.898517e-07,3.075879e-07,7.045116e-08,6.055920e-11,4.103638e-08,8.598287e-08,8.234199e-08,4.532030e-08,1.180301e-08,7.236544e-11,4.119286e-09,9.941580e-09,1.008628e-08
836.000,6.682384e-05,6.792667e-05,3.493041e-05,2.257609e-06,1.627905e-05,8.669437e-05,1.638596e-04,1.744649e-04,9.598705e-05,6.745702e-06,5.716552e-05,3.685144e-04,9.291263e-04,1.569267e-03,2.041564e-03,2.156566e-03,1.883673e-03,1.355188e-03,7.804767e-04,3.338403e-04,8.542397e-05,3.810431e-06,8.876520e-06,2.967042e-05,3.350536e-05,2.144998e-05,7.358592e-06,5.020914e-07,7.835043e-07,3.273960e-06,4.136364e-06,2.893485e-06,1.095267e-06,1.011311e-07,8.244552e-08,4.297158e-07,5.815636e-07,4.283013e-07,1.740761e-07,2.101706e-08,7.363233e-09,5.302274e-08,7.700992e-08,5.942156e-08,2.581638e-08,3.964566e-09,4.457716e-10,5.621457e-09,8.919462e-09,7.244033e-09
