Signal_nm \ Idler_nm,1546.000,1546.245,1546.490,1546.735,1546.980,1547.224,1547.469,1547.714,1547.959,1548.204,1548.449,1548.694,1548.939,1549.184,1549.429,1549.673,1549.918,1550.163,1550.408,1550.653,1550.898,1551.143,1551.388,1551.633,1551.878,1552.122,1552.367,1552.612,1552.857,1553.102,1553.347,1553.592,1553.837,1554.082,1554.327,1554.571,1554.816,1555.061,1555.306,1555.551,1555.796,1556.041,1556.286,1556.531,1556.776,1557.020,1557.265,1557.510,1557.755,1558.000
1546.000,3.349066e-26,2.724692e-25,2.009080e-24,1.335324e-23,7.930773e-23,4.150785e-22,1.869881e-21,6.941201e-21,1.930961e-20,3.034386e-20,2.144883e-21,4.394612e-19,8.980712e-18,8.586491e-17,5.797228e-16,3.098395e-15,1.367614e-14,5.047155e-14,1.544022e-13,3.780832e-13,6.761576e-13,6.588973e-13,1.628854e-14,4.388073e-12,5.323468e-11,3.095255e-10,1.272695e-09,4.134470e-09,1.106412e-08,2.469446e-08,4.559100e-08,6.726450e-08,7.243554e-08,4.263098e-08,7.331482e-10,9.840690e-08,7.203779e-07,2.509065e-06,6.167687e-06,1.196868e-05,1.912866e-05,2.550806e-05,2.817145e-05,2.493768e-05,1.623614e-05,5.944195e-06,1.277061e-07,3.901827e-06,1.816308e-05,3.842979e-05
1546.245,3.235279e-25,2.649397e-24,1.973410e-23,1.332752e-22,8.118023e-22,4.422622e-21,2.126217e-20,8.819504e-20,3.028405e-19,7.877721e-19,1.202685e-18,1.699776e-19,1.063121e-17,2.200330e-16,1.984311e-15,1.244905e-14,6.150881e-14,2.505272e-13,8.531263e-13,2.412144e-12,5.482902e-12,9.206368e-12,8.787705e-12,5.889815e-13,3.536929e-11,4.348279e-10,2.389455e-09,9.145530e-09,2.750900e-08,6.803113e-08,1.403127e-07,2.397776e-07,3.289307e-07,3.332633e-07,1.927869e-07,8.682365e-09,2.647359e-07,1.979525e-06,6.534339e-06,1.497866e-05,2.695210e-05,3.985883e-05,4.917568e-05,5.033025e-05,4.147380e-05,2.543114e-05,9.143691e-06,3.811603e-07,3.491018e-06,1.689618e-05
1546.490,2.827045e-24,2.325854e-23,1.743455e-22,1.189012e-21,7.355191e-21,4.106034e-20,2.051902e-19,9.061062e-19,3.460234e-18,1.098635e-17,2.669161e-17,3.937049e-17,8.407232e-18,2.101353e-16,4.472658e-15,3.813028e-14,2.224536e-13,1.016412e-12,3.820733e-12,1.200590e-11,3.137017e-11,6.616284e-11,1.041654e-10,9.675470e-11,1.107293e-11,2.330596e-10,2.948813e-09,1.535081e-08,5.473531e-08,1.524961e-07,3.485774e-07,6.643675e-07,1.050735e-06,1.339599e-06,1.275072e-06,7.198815e-07,5.451752e-08,5.812368e-07,4.518479e-06,1.417316e-05,3.032352e-05,5.061329e-05,6.927352e-05,7.907511e-05,7.498980e-05,5.749516e-05,3.315348e-05,1.162542e-05,7.183931e-07,2.536123e-06
1546.735,2.235387e-23,1.847242e-22,1.391031e-21,9.545329e-21,5.960750e-20,3.377600e-19,1.728148e-18,7.921812e-18,3.213109e-17,1.129493e-16,3.314756e-16,7.513456e-16,1.065627e-15,2.982894e-16,3.379640e-15,7.541763e-14,6.093046e-13,3.308198e-12,1.398313e-11,4.851916e-11,1.406922e-10,3.396874e-10,6.645067e-10,9.797390e-10,8.806226e-10,1.409277e-10,1.250059e-09,1.659955e-08,8.207787e-08,2.728723e-07,7.044343e-07,1.488557e-06,2.621879e-06,3.837241e-06,4.544665e-06,4.058464e-06,2.222897e-06,2.332086e-07,1.035947e-06,8.565159e-06,2.560541e-05,5.117976e-05,7.927370e-05,1.004352e-04,1.060778e-04,9.319992e-05,6.645608e-05,3.598709e-05,1.223479e-05,9.772614e-07
1546.980,1.597234e-22,1.327658e-21,1.004242e-20,6.922298e-20,4.348739e-19,2.486778e-18,1.290828e-17,6.053447e-17,2.545433e-16,9.482594e-16,3.068052e-15,8.319634e-15,1.757651e-14,2.387078e-14,8.044488e-15,4.397183e-14,1.054670e-12,8.097253e-12,4.094991e-11,1.601809e-10,5.131317e-10,1.373147e-09,3.063202e-09,5.556036e-09,7.662992e-09,6.633177e-09,1.329173e-09,5.424903e-09,7.754467e-08,3.652684e-07,1.133293e-06,2.711988e-06,5.298832e-06,8.625572e-06,1.168079e-05,1.284656e-05,1.075045e-05,5.683187e-06,7.416671e-07,1.487431e-06,1.347846e-05,3.853156e-05,7.202499e-05,1.035745e-04,1.214936e-04,1.187359e-04,9.663961e-05,6.406014e-05,3.253731e-05,1.067149e-05
1547.224,1.027788e-21,8.622084e-21,6.561133e-20,4.543090e-19,2.866810e-18,1.648937e-17,8.635173e-17,4.106308e-16,1.765083e-15,6.808422e-15,2.329508e-14,6.936299e-14,1.737426e-13,3.418098e-13,4.429092e-13,1.698888e-13,4.589183e-13,1.222863e-11,8.949740e-11,4.219714e-10,1.528119e-09,4.520300e-09,1.116385e-08,2.300855e-08,3.868194e-08,4.985729e-08,4.138957e-08,9.688979e-09,1.888024e-08,3.005191e-07,1.353048e-06,3.921682e-06,8.702989e-06,1.572592e-05,2.365986e-05,2.964398e-05,3.026425e-05,2.370715e-05,1.204312e-05,1.826905e-06,1.700686e-06,1.760023e-05,4.829864e-05,8.452540e-05,1.129018e-04,1.226428e-04,1.109151e-04,8.361923e-05,5.151008e-05,2.451249e-05
1547.469,5.920241e-21,5.041518e-20,3.873000e-19,2.698398e-18,1.710561e-17,9.882304e-17,5.204619e-16,2.496198e-15,1.087511e-14,4.284944e-14,1.516201e-13,4.764492e-13,1.305456e-12,3.019615e-12,5.527411e-12,6.811875e-12,2.858823e-12,3.792461e-12,1.175189e-10,8.227707e-10,3.620260e-09,1.214262e-08,3.317431e-08,7.562029e-08,1.439804e-07,2.242974e-07,2.699207e-07,2.141245e-07,5.585952e-08,5.198161e-08,9.657792e-07,4.172034e-06,1.130850e-05,2.328354e-05,3.891760e-05,5.412059e-05,6.273303e-05,5.943309e-05,4.353731e-05,2.117181e-05,3.565052e-06,1.519886e-06,1.906050e-05,5.043058e-05,8.272961e-05,1.026925e-04,1.033293e-04,8.648225e-05,6.038828e-05,3.455786e-05
1547.714,3.022464e-20,2.637699e-19,2.057964e-18,1.447936e-17,9.237253e-17,5.361361e-16,2.835983e-15,1.367708e-14,6.008094e-14,2.398232e-13,8.662029e-13,2.811710e-12,8.114538e-12,2.045736e-11,4.368498e-11,7.434743e-11,8.689720e-11,3.875922e-11,2.429363e-11,9.356589e-10,6.291643e-09,2.586305e-08,8.037931e-08,2.028643e-07,4.268418e-07,7.507587e-07,1.083445e-06,1.216327e-06,9.191201e-07,2.583099e-07,1.106896e-07,2.572443e-06,1.070851e-05,2.717646e-05,5.193924e-05,8.032341e-05,1.032561e-04,1.107221e-04,9.731462e-05,6.660527e-05,3.090268e-05,5.587950e-06,1.027485e-06,1.710777e-05,4.386252e-05,6.753878e-05,7.795246e-05,7.267221e-05,5.629470e-05,3.640641e-05
1547.959,1.345322e-19,1.222220e-18,9.780245e-18,6.992098e-17,4.506010e-16,2.632475e-15,1.399060e-14,6.776578e-14,2.992908e-13,1.204260e-12,4.404537e-12,1.458362e-11,4.342755e-11,1.151026e-10,2.669761e-10,5.261861e-10,8.320220e-10,9.199985e-10,4.265703e-10,1.160726e-10,6.168400e-09,4.002045e-08,1.538716e-07,4.433224e-07,1.033835e-06,2.008059e-06,3.262588e-06,4.360627e-06,4.563468e-06,3.275650e-06,9.669791e-07,1.748961e-07,5.675397e-06,2.288037e-05,5.443624e-05,9.662144e-05,1.382853e-04,1.643420e-04,1.630170e-04,1.328842e-04,8.490823e-05,3.747667e-05,7.099408e-06,4.919124e-07,1.271529e-05,3.177785e-05,4.599498e-05,4.938983e-05,4.267246e-05,3.059766e-05
1548.204,5.072780e-19,4.931112e-18,4.113244e-17,3.018470e-16,1.977629e-15,1.167484e-14,6.246625e-14,3.040165e-13,1.348510e-12,5.454615e-12,2.010505e-11,6.738095e-11,2.045309e-10,5.587516e-10,1.360066e-09,2.902105e-09,5.277926e-09,7.748943e-09,8.088028e-09,3.831409e-09,3.813963e-10,3.364946e-08,2.117589e-07,7.624808e-07,2.037535e-06,4.391480e-06,7.874871e-06,1.181871e-05,1.462652e-05,1.425903e-05,9.698435e-06,2.949230e-06,1.875244e-07,1.036283e-05,4.069563e-05,9.089499e-05,1.499157e-04,1.986181e-04,2.182412e-04,2.002504e-04,1.513584e-04,9.022139e-05,3.778567e-05,7.357336e-06,1.410458e-07,7.817464e-06,1.917644e-05,2.613224e-05,2.612304e-05,2.092335e-05
1548.449,1.532139e-18,1.681227e-17,1.504168e-16,1.152230e-15,7.755511e-15,4.657191e-14,2.518838e-13,1.234414e-12,5.502155e-12,2.235167e-11,8.280970e-11,2.796193e-10,8.587716e-10,2.389884e-09,5.989742e-09,1.338958e-08,2.628172e-08,4.409539e-08,6.007583e-08,5.907243e-08,2.819683e-08,6.875827e-10,1.517626e-07,9.320629e-07,3.147337e-06,7.804879e-06,1.555093e-05,2.574800e-05,3.569476e-05,4.089526e-05,3.711516e-05,2.386822e-05,7.362678e-06,1.051588e-07,1.564410e-05,6.025217e-05,1.265306e-04,1.940352e-04,2.380354e-04,2.418551e-04,2.052754e-04,1.438365e-04,7.992956e-05,3.169148e-05,6.248035e-06,1.160977e-08,3.970255e-06,9.638146e-06,1.238777e-05,1.153585e-05
1548.694,3.245707e-18,4.567363e-17,4.636356e-16,3.819011e-15,2.687114e-14,1.659181e-13,9.133123e-13,4.526002e-12,2.031823e-11,8.295038e-11,3.086405e-10,1.047418e-09,3.240276e-09,9.120064e-09,2.326996e-08,5.350699e-08,1.098462e-07,1.983242e-07,3.069144e-07,3.878063e-07,3.585996e-07,1.705424e-07,1.732728e-10,5.652821e-07,3.412606e-06,1.082309e-05,2.492115e-05,4.591543e-05,7.020240e-05,8.989712e-05,9.533088e-05,8.049906e-05,4.885035e-05,1.509792e-05,4.269936e-09,1.950072e-05,7.425353e-05,1.468590e-04,2.095250e-04,2.380750e-04,2.237070e-04,1.756320e-04,1.140645e-04,5.905535e-05,2.212241e-05,4.363078e-06,4.049593e-09,1.662721e-06,4.034193e-06,4.900019e-06
1548.939,2.977043e-18,8.579246e-17,1.132427e-15,1.064052e-14,8.071962e-14,5.217920e-13,2.956042e-12,1.491779e-11,6.774364e-11,2.786086e-10,1.041906e-09,3.551062e-09,1.103965e-08,3.129140e-08,8.071857e-08,1.888388e-07,3.983852e-07,7.510902e-07,1.247270e-06,1.780013e-06,2.084937e-06,1.810088e-06,8.497465e-07,3.657248e-09,1.736541e-06,1.039318e-05,3.100989e-05,6.633989e-05,1.130548e-04,1.596409e-04,1.888311e-04,1.853150e-04,1.455183e-04,8.318458e-05,2.549931e-05,1.019147e-07,2.003818e-05,7.616370e-05,1.421335e-04,1.887884e-04,1.987493e-04,1.727364e-04,1.254450e-04,7.549879e-05,3.639795e-05,1.285890e-05,2.512080e-06,1.926003e-08,5.728883e-07,1.406039e-06
1549.184,1.039121e-18,6.493953e-17,1.883051e-15,2.335517e-14,2.032591e-13,1.420532e-12,8.438117e-12,4.386660e-11,2.029803e-10,8.447655e-10,3.183184e-09,1.090531e-08,3.404872e-08,9.697575e-08,2.518671e-07,5.954979e-07,1.277439e-06,2.472652e-06,4.281213e-06,6.538653e-06,8.603936e-06,9.337646e-06,7.600199e-06,3.494642e-06,7.073151e-08,4.391965e-06,2.632720e-05,7.403478e-05,1.472481e-04,2.321762e-04,3.028270e-04,3.308769e-04,3.004627e-04,2.192996e-04,1.179042e-04,3.554707e-05,5.626974e-07,1.693694e-05,6.501577e-05,1.147158e-04,1.419579e-04,1.385116e-04,1.113634e-04,7.481090e-05,4.171810e-05,1.871842e-05,6.226552e-06,1.195061e-06,2.081444e-08,1.618981e-07
1549.429,1.297740e-16,4.101560e-17,1.160619e-15,3.431818e-14,4.007120e-13,3.232229e-12,2.081787e-11,1.136587e-10,5.422971e-10,2.301129e-09,8.777925e-09,3.030833e-08,9.513099e-08,2.721169e-07,7.100974e-07,1.690040e-06,3.662635e-06,7.204741e-06,1.279577e-05,2.034637e-05,2.857855e-05,3.466774e-05,3.484568e-05,2.655497e-05,1.188104e-05,4.874342e-07,9.124016e-06,5.546442e-05,1.472993e-04,2.725557e-04,3.977541e-04,4.792673e-04,4.837307e-04,4.064053e-04,2.755847e-04,1.391549e-04,4.097329e-05,1.251777e-06,1.174190e-05,4.618128e-05,7.721774e-05,8.909395e-05,8.059784e-05,5.995547e-05,3.725777e-05,1.924823e-05,8.034187e-06,2.512704e-06,4.705595e-07,1.304215e-08
1549.673,1.596272e-15,3.091403e-15,1.213432e-15,1.694026e-14,5.192776e-13,5.720114e-12,4.279405e-11,2.540998e-10,1.275382e-09,5.585903e-09,2.173901e-08,7.601681e-08,2.405302e-07,6.917586e-07,1.812997e-06,4.335057e-06,9.455325e-06,1.878405e-05,3.388455e-05,5.521926e-05,8.063631e-05,1.041588e-04,1.164645e-04,1.083744e-04,7.723486e-05,3.343605e-05,2.086396e-06,1.552155e-05,9.716775e-05,2.442501e-04,4.207779e-04,5.685246e-04,6.329471e-04,5.901508e-04,4.586714e-04,2.888487e-04,1.368081e-04,3.910625e-05,1.774072e-06,6.650989e-06,2.729021e-05,4.335214e-05,4.667665e-05,3.916388e-05,2.695976e-05,1.549842e-05,7.416929e-06,2.878712e-06,8.453780e-07,1.535777e-07
1549.918,1.137688e-14,3.307219e-14,6.103178e-14,2.789767e-14,2.010368e-13,6.522852e-12,6.794293e-11,4.717985e-10,2.583594e-09,1.192423e-08,4.794854e-08,1.711684e-07,5.487362e-07,1.591325e-06,4.193827e-06,1.007165e-05,2.206829e-05,4.411489e-05,8.034198e-05,1.329126e-04,1.987520e-04,2.665479e-04,3.166181e-04,3.262763e-04,2.809753e-04,1.870559e-04,7.797707e-05,6.404427e-06,2.153236e-05,1.415317e-04,3.375783e-04,5.418801e-04,6.780950e-04,6.976493e-04,6.009278e-04,4.320178e-04,2.525706e-04,1.120780e-04,3.094331e-05,1.821107e-06,3.061505e-06,1.341328e-05,2.030170e-05,2.041603e-05,1.589426e-05,1.012691e-05,5.385842e-06,2.387312e-06,8.612694e-07,2.372098e-07
1550.163,5.994900e-14,2.107906e-13,5.698665e-13,9.992322e-13,5.087025e-13,1.927686e-12,6.800958e-11,6.715721e-10,4.331956e-09,2.188593e-08,9.290604e-08,3.430489e-07,1.123482e-06,3.302385e-06,8.778176e-06,2.120138e-05,4.665950e-05,9.369457e-05,1.716715e-04,2.866346e-04,4.348976e-04,5.967684e-04,7.350184e-04,8.028582e-04,7.624052e-04,6.073915e-04,3.773611e-04,1.508435e-04,1.495928e-05,2.421640e-05,1.713616e-04,3.889136e-04,5.821908e-04,6.750049e-04,6.418892e-04,5.108091e-04,3.396586e-04,1.842848e-04,7.653642e-05,2.031947e-05,1.429954e-06,1.136322e-06,5.481715e-06,7.930612e-06,7.456220e-06,5.388326e-06,3.178218e-06,1.563841e-06,6.419922e-07,2.152102e-07
1550.408,2.522015e-13,1.001099e-12,3.250976e-12,8.168617e-12,1.357490e-11,7.450879e-12,1.479801e-11,5.884492e-10,5.524443e-09,3.313044e-08,1.544881e-07,6.033271e-07,2.046010e-06,6.148097e-06,1.657203e-05,4.038125e-05,8.939020e-05,1.802978e-04,3.318231e-04,5.573015e-04,8.531452e-04,1.187245e-03,1.495029e-03,1.691130e-03,1.698574e-03,1.486202e-03,1.095022e-03,6.343096e-04,2.422460e-04,2.740669e-05,2.189144e-05,1.724168e-04,3.735080e-04,5.219122e-04,5.608750e-04,4.930705e-04,3.625341e-04,2.229498e-04,1.122241e-04,4.358053e-05,1.108339e-05,8.836231e-07,3.360962e-07,1.862010e-06,2.584357e-06,2.274031e-06,1.526133e-06,8.335046e-07,3.794731e-07,1.442675e-07
1550.653,8.681791e-13,3.806587e-12,1.392078e-11,4.174435e-11,9.743108e-11,1.531068e-10,8.840283e-11,8.965484e-11,4.224169e-09,3.782398e-08,2.110797e-07,9.088285e-07,3.266087e-06,1.017427e-05,2.805567e-05,6.935559e-05,1.549385e-04,3.143852e-04,5.812008e-04,9.804380e-04,1.509511e-03,2.118851e-03,2.704589e-03,3.125496e-03,3.247046e-03,2.998830e-03,2.417376e-03,1.646732e-03,8.886484e-04,3.232039e-04,4.008509e-05,1.569956e-05,1.441115e-04,2.990469e-04,3.904419e-04,3.890769e-04,3.162687e-04,2.148669e-04,1.222017e-04,5.705132e-05,2.069780e-05,5.025601e-06,4.369504e-07,7.772451e-08,5.254365e-07,7.025594e-07,5.792377e-07,3.611776e-07,1.826927e-07,7.696521e-08
1550.898,2.434115e-12,1.185144e-11,4.785124e-11,1.612208e-10,4.463633e-10,9.672209e-10,1.434329e-09,8.547031e-10,4.185943e-10,2.514922e-08,2.155562e-07,1.120473e-06,4.456498e-06,1.474143e-05,4.219052e-05,1.067773e-04,2.421132e-04,4.959260e-04,9.224754e-04,1.563225e-03,2.417293e-03,3.412017e-03,4.391735e-03,5.142158e-03,5.453683e-03,5.203669e-03,4.418954e-03,3.281464e-03,2.066146e-03,1.037922e-03,3.584854e-04,4.733254e-05,8.741425e-06,1.000180e-04,1.996139e-04,2.437798e-04,2.253624e-04,1.694235e-04,1.063644e-04,5.594148e-05,2.421703e-05,8.201417e-06,1.895662e-06,1.747705e-07,1.358900e-08,1.231027e-07,1.593328e-07,1.232398e-07,7.143385e-08,3.347298e-08
1551.143,5.355987e-12,3.002008e-11,1.347512e-10,5.010666e-10,1.555351e-09,3.975314e-09,7.993483e-09,1.116585e-08,6.763016e-09,1.440894e-09,1.241309e-07,1.022578e-06,4.956221e-06,1.821787e-05,5.548289e-05,1.459200e-04,3.389916e-04,7.051158e-04,1.324422e-03,2.258615e-03,3.508737e-03,4.974033e-03,6.437088e-03,7.598100e-03,8.161087e-03,7.943980e-03,6.961732e-03,5.435829e-03,3.718177e-03,2.163352e-03,1.010933e-03,3.307484e-04,4.546593e-05,3.633764e-06,5.760737e-05,1.110884e-04,1.270501e-04,1.090110e-04,7.581113e-05,4.398506e-05,2.139233e-05,8.585042e-06,2.712110e-06,5.951983e-07,5.695652e-08,1.677862e-09,2.392729e-08,3.014519e-08,2.190424e-08,1.180880e-08
1551.388,8.321788e-12,5.945760e-11,3.083620e-10,1.276342e-09,4.371378e-09,1.250156e-08,2.949380e-08,5.500849e-08,7.226093e-08,4.394098e-08,3.316996e-09,5.076730e-07,4.038295e-06,1.827054e-05,6.209552e-05,1.741632e-04,4.209930e-04,8.978903e-04,1.713486e-03,2.951629e-03,4.615282e-03,6.573373e-03,8.543438e-03,1.013785e-02,1.097443e-02,1.081394e-02,9.661386e-03,7.776569e-03,5.583019e-03,3.517329e-03,1.890651e-03,8.213281e-04,2.539734e-04,3.571971e-05,1.037960e-06,2.751676e-05,5.154423e-05,5.527655e-05,4.404204e-05,2.834035e-05,1.519746e-05,6.834861e-06,2.542260e-06,7.486800e-07,1.556447e-07,1.520277e-08,1.227417e-10,3.854628e-09,4.757866e-09,3.252633e-09
1551.633,6.306602e-12,8.225419e-11,5.495736e-10,2.638498e-09,1.007272e-08,3.177876e-08,8.373487e-08,1.823266e-07,3.152866e-07,3.889120e-07,2.350260e-07,3.794149e-09,1.719323e-06,1.327650e-05,5.613840e-05,1.765013e-04,4.560389e-04,1.013368e-03,1.984517e-03,3.474982e-03,5.490306e-03,7.872213e-03,1.028035e-02,1.225111e-02,1.333074e-02,1.323553e-02,1.196545e-02,9.812267e-03,7.254345e-03,4.788586e-03,2.778416e-03,1.379436e-03,5.567475e-04,1.623888e-04,2.304418e-05,1.613525e-07,1.089076e-05,1.993999e-05,2.007917e-05,1.486405e-05,8.852400e-06,4.388022e-06,1.824855e-06,6.289869e-07,1.725712e-07,3.391572e-08,3.336473e-09,2.381821e-12,5.140532e-10,6.264241e-10
1551.878,8.875852e-14,5.287009e-11,6.761780e-10,4.230121e-09,1.880909e-08,6.624364e-08,1.925424e-07,4.674478e-07,9.393177e-07,1.505430e-06,1.741379e-06,1.036973e-06,9.699067e-11,4.817815e-06,3.633833e-05,1.437908e-04,4.184338e-04,9.962428e-04,2.035464e-03,3.660634e-03,5.882328e-03,8.525192e-03,1.121016e-02,1.342406e-02,1.466937e-02,1.463828e-02,1.333086e-02,1.105751e-02,8.323451e-03,5.652287e-03,3.430506e-03,1.833006e-03,8.403984e-04,3.149593e-04,8.649636e-05,1.224537e-05,3.119872e-09,3.567663e-06,6.431239e-06,6.090288e-06,4.191249e-06,2.310845e-06,1.058943e-06,4.072235e-07,1.300454e-07,3.322259e-08,6.161212e-09,6.038459e-10,3.033976e-13,5.666264e-11
1552.122,6.476817e-11,2.937662e-12,3.658360e-10,4.623134e-09,2.711720e-08,1.117279e-07,3.631045e-07,9.724371e-07,2.175314e-06,4.033672e-06,5.989497e-06,6.489009e-06,3.780493e-06,2.661649e-08,1.115888e-05,8.280344e-05,3.070564e-04,8.274880e-04,1.816001e-03,3.412204e-03,5.636380e-03,8.312735e-03,1.105244e-02,1.332960e-02,1.463828e-02,1.466947e-02,1.342539e-02,1.121520e-02,8.535801e-03,5.898165e-03,3.679104e-03,2.053049e-03,1.010167e-03,4.276114e-04,1.487340e-04,3.839686e-05,5.372555e-06,7.425880e-09,9.659774e-07,1.729302e-06,1.542637e-06,9.875279e-07,5.042016e-07,2.136274e-07,7.596643e-08,2.247325e-08,5.343159e-09,9.335085e-10,9.033424e-11,3.342901e-13
1552.367,5.948558e-10,5.763506e-10,4.727729e-11,2.086551e-09,2.628986e-08,1.447961e-07,5.531022e-07,1.659132e-06,4.094650e-06,8.440149e-06,1.444097e-05,1.986044e-05,2.013021e-05,1.140408e-05,2.867169e-07,2.133580e-05,1.570839e-04,5.467300e-04,1.365267e-03,2.762637e-03,4.774781e-03,7.245345e-03,9.808659e-03,1.196554e-02,1.323689e-02,1.333216e-02,1.225346e-02,1.028582e-02,7.882464e-03,5.505090e-03,3.492087e-03,2.000911e-03,1.026616e-03,4.651197e-04,1.817521e-04,5.864456e-05,1.421086e-05,1.949952e-06,1.216889e-08,2.157867e-07,3.876357e-07,3.263376e-07,1.944541e-07,9.196673e-08,3.603256e-08,1.184876e-08,3.246685e-09,7.180685e-10,1.180138e-10,1.119135e-11
1552.612,2.900770e-09,4.570425e-09,4.250829e-09,5.059076e-10,9.792002e-09,1.243404e-07,6.440842e-07,2.282265e-06,6.320675e-06,1.437694e-05,2.730830e-05,4.311030e-05,5.489699e-05,5.200423e-05,2.849776e-05,1.354571e-06,3.361988e-05,2.480871e-04,8.117934e-04,1.879571e-03,3.507983e-03,5.578148e-03,7.776875e-03,9.665387e-03,1.081931e-02,1.097975e-02,1.014351e-02,8.551026e-03,6.584164e-03,4.629112e-03,2.966829e-03,1.727759e-03,9.094049e-04,4.290039e-04,1.789610e-04,6.454472e-05,1.931112e-05,4.386633e-06,5.863900e-07,7.343646e-09,3.967645e-08,7.242858e-08,5.766197e-08,3.200427e-08,1.402553e-08,5.082301e-09,1.545483e-09,3.921948e-10,8.065630e-11,1.245301e-11
1552.857,1.018097e-08,1.991430e-08,2.923046e-08,2.600474e-08,3.982719e-09,3.772348e-08,4.890970e-07,2.387009e-06,7.850722e-06,2.007940e-05,4.210028e-05,7.369401e-05,1.073336e-04,1.265204e-04,1.119125e-04,5.905198e-05,4.152452e-06,4.356598e-05,3.261708e-04,1.005273e-03,2.159477e-03,3.718656e-03,5.441461e-03,6.971246e-03,7.955099e-03,8.172087e-03,7.608683e-03,6.448044e-03,4.986166e-03,3.521972e-03,2.271896e-03,1.336297e-03,7.144730e-04,3.454667e-04,1.498429e-04,5.755107e-05,1.915481e-05,5.311876e-06,1.129744e-06,1.462987e-07,2.775228e-09,5.985861e-09,1.127900e-08,8.510774e-09,4.403339e-09,1.788701e-09,5.995503e-10,1.686058e-10,3.962185e-11,7.573810e-12
1553.102,2.818668e-08,6.300954e-08,1.139107e-07,1.556547e-07,1.320433e-07,2.414598e-08,1.189369e-07,1.599972e-06,7.371248e-06,2.251653e-05,5.320021e-05,1.028361e-04,1.658973e-04,2.229158e-04,2.431729e-04,2.006745e-04,1.015568e-04,9.281105e-06,4.629400e-05,3.569621e-04,1.038329e-03,2.070856e-03,3.291376e-03,4.433033e-03,5.219719e-03,5.469673e-03,5.157105e-03,4.405659e-03,3.425253e-03,2.429842e-03,1.574595e-03,9.319835e-04,5.031187e-04,2.469837e-04,1.097110e-04,4.375315e-05,1.547136e-05,4.751320e-06,1.220803e-06,2.428343e-07,3.031590e-08,7.554589e-10,7.378073e-10,1.463618e-09,1.049400e-09,5.065228e-10,1.907896e-10,5.916480e-11,1.538771e-11,3.348278e-12
1553.347,6.351869e-08,1.577703e-07,3.250393e-07,5.429974e-07,6.903132e-07,5.568382e-07,1.155532e-07,3.056115e-07,4.352395e-06,1.896933e-05,5.385261e-05,1.175770e-04,2.095669e-04,3.115962e-04,3.862571e-04,3.898532e-04,2.999161e-04,1.450660e-04,1.591390e-05,4.018394e-05,3.251539e-04,8.946261e-04,1.657772e-03,2.432767e-03,3.016595e-03,3.265030e-03,3.142238e-03,2.719515e-03,2.131915e-03,1.520744e-03,9.897509e-04,5.884682e-04,3.196180e-04,1.583686e-04,7.138469e-05,2.913159e-05,1.068211e-05,3.477465e-06,9.852658e-07,2.344743e-07,4.357704e-08,5.222681e-09,1.570018e-10,7.385152e-11,1.582274e-10,1.081027e-10,4.872104e-11,1.702303e-11,4.884788e-12,1.175020e-12
1553.592,1.165987e-07,3.218547e-07,7.362112e-07,1.397839e-06,2.157499e-06,2.550321e-06,1.951321e-06,4.430475e-07,6.362390e-07,9.844447e-06,4.068484e-05,1.074211e-04,2.167942e-04,3.563600e-04,4.883897e-04,5.584987e-04,5.214424e-04,3.736948e-04,1.722262e-04,2.150298e-05,2.833991e-05,2.464809e-04,6.430511e-04,1.107987e-03,1.501836e-03,1.714881e-03,1.706484e-03,1.508521e-03,1.198567e-03,8.623020e-04,5.644057e-04,3.370419e-04,1.838749e-04,9.164979e-05,4.168439e-05,1.725325e-05,6.468807e-06,2.181003e-06,6.536334e-07,1.708354e-07,3.764353e-08,6.530608e-09,7.486392e-10,2.566555e-11,5.950292e-12,1.424642e-11,9.304295e-12,3.919149e-12,1.270725e-12,3.374771e-13
1553.837,1.693391e-07,5.344993e-07,1.359732e-06,2.864516e-06,5.012433e-06,7.146738e-06,7.850778e-06,5.685040e-06,1.374224e-06,1.064017e-06,1.851115e-05,7.273218e-05,1.787365e-04,3.335489e-04,5.057288e-04,6.389078e-04,6.739957e-04,5.819932e-04,3.882900e-04,1.700489e-04,2.326470e-05,1.611377e-05,1.554617e-04,3.856428e-04,6.183588e-04,7.744813e-04,8.145584e-04,7.453560e-04,6.052997e-04,4.415615e-04,2.915767e-04,1.751347e-04,9.596777e-05,4.804419e-05,2.197773e-05,9.176086e-06,3.487712e-06,1.201448e-06,3.724627e-07,1.027593e-07,2.477248e-08,5.052697e-09,8.175668e-10,8.935682e-11,3.358291e-12,3.806831e-13,1.067926e-12,6.691205e-13,2.636818e-13,7.937145e-14
1554.082,1.785718e-07,7.002869e-07,2.042829e-06,4.790217e-06,9.294955e-06,1.498955e-05,1.974030e-05,2.014198e-05,1.377666e-05,3.471427e-06,1.410735e-06,2.893114e-05,1.083864e-04,2.481081e-04,4.282795e-04,5.990760e-04,6.977221e-04,6.789850e-04,5.421530e-04,3.365322e-04,1.397103e-04,2.036306e-05,7.300600e-06,8.156525e-05,1.929727e-04,2.882050e-04,3.336822e-04,3.233343e-04,2.721094e-04,2.030339e-04,1.360039e-04,8.243720e-05,4.544347e-05,2.285199e-05,1.049909e-05,4.408178e-06,1.689645e-06,5.897778e-07,1.866730e-07,5.321238e-08,1.351453e-08,3.004763e-09,5.671326e-10,8.552387e-11,8.886768e-12,3.556526e-13,1.890805e-14,6.661742e-14,4.020840e-14,1.484007e-14
1554.327,1.036032e-07,6.607640e-07,2.414031e-06,6.510557e-06,1.407469e-05,2.515740e-05,3.738999e-05,4.547488e-05,4.307876e-05,2.778087e-05,7.176281e-06,1.451194e-06,3.757290e-05,1.346526e-04,2.873652e-04,4.590081e-04,5.924533e-04,6.361721e-04,5.710968e-04,4.216028e-04,2.433516e-04,9.556107e-05,1.452099e-05,2.586293e-06,3.558738e-05,8.057675e-05,1.121958e-04,1.201311e-04,1.072735e-04,8.304486e-05,5.694008e-05,3.502795e-05,1.949141e-05,9.861945e-06,4.551485e-06,1.919238e-06,7.396634e-07,2.602921e-07,8.344276e-08,2.426772e-08,6.360946e-09,1.487139e-09,3.049164e-10,5.324319e-11,7.477607e-12,7.368471e-13,3.071432e-14,6.995897e-16,3.456191e-15,2.018983e-15
1554.571,2.563378e-09,3.322419e-07,2.036585e-06,6.937784e-06,1.730516e-05,3.449668e-05,5.680439e-05,7.780837e-05,8.738651e-05,7.682350e-05,4.663507e-05,1.218435e-05,1.113636e-06,4.053384e-05,1.394701e-04,2.777500e-04,4.106837e-04,4.892228e-04,4.843836e-04,4.011288e-04,2.737456e-04,1.468530e-04,5.444181e-05,8.479181e-06,6.929237e-07,1.290715e-05,2.807724e-05,3.648575e-05,3.614468e-05,2.975184e-05,2.119057e-05,1.335337e-05,7.544913e-06,3.854660e-06,1.790270e-06,7.583782e-07,2.935251e-07,1.038440e-07,3.355277e-08,9.879060e-09,2.640110e-09,6.363348e-10,1.369463e-10,2.589179e-11,4.181675e-12,5.465905e-13,5.096368e-14,2.174653e-15,1.763992e-17,1.490252e-16
1554.816,1.956292e-07,2.564101e-09,8.837733e-07,5.228969e-06,1.662538e-05,3.836841e-05,7.054124e-05,1.070214e-04,1.351074e-04,1.401053e-04,1.142592e-04,6.519388e-05,1.703839e-05,5.866127e-07,3.630909e-05,1.204495e-04,2.240582e-04,3.068013e-04,3.373741e-04,3.080361e-04,2.353208e-04,1.484352e-04,7.397306e-05,2.584454e-05,4.069604e-06,1.312549e-07,3.889564e-06,8.164953e-06,9.912846e-06,9.090037e-06,6.898987e-06,4.521725e-06,2.619140e-06,1.359384e-06,6.377115e-07,2.719020e-07,1.057293e-07,3.756424e-08,1.220042e-08,3.619689e-09,9.789116e-10,2.404004e-10,5.328194e-11,1.055539e-11,1.840070e-12,2.748089e-13,3.341146e-14,2.941757e-15,1.267346e-16,2.339867e-19
1555.061,1.396464e-06,6.581052e-07,2.732958e-10,1.948980e-06,1.118453e-05,3.322435e-05,7.097118e-05,1.203674e-04,1.682698e-04,1.957902e-04,1.874494e-04,1.417585e-04,7.592448e-05,1.966701e-05,1.677975e-07,2.699251e-05,8.673867e-05,1.508737e-04,1.913980e-04,1.943306e-04,1.636386e-04,1.153232e-04,6.722882e-05,3.111041e-05,1.022735e-05,1.610084e-06,1.478756e-08,9.733053e-07,1.981646e-06,2.250387e-06,1.911105e-06,1.337753e-06,8.069899e-07,4.297278e-07,2.049043e-07,8.827352e-08,3.455549e-08,1.233545e-08,4.023371e-09,1.199740e-09,3.268612e-10,8.119816e-11,1.832497e-11,3.734910e-12,6.810830e-13,1.094655e-13,1.511445e-14,1.708321e-15,1.417789e-16,6.097805e-18
1555.306,4.605627e-06,4.000829e-06,1.833253e-06,5.717206e-09,3.561003e-06,1.993125e-05,5.537781e-05,1.095391e-04,1.714142e-04,2.208329e-04,2.368311e-04,2.093216e-04,1.467444e-04,7.368563e-05,1.877188e-05,5.854194e-09,1.664260e-05,5.208669e-05,8.481448e-05,9.972773e-05,9.351179e-05,7.262991e-05,4.722039e-05,2.543815e-05,1.092639e-05,3.375028e-06,5.263020e-07,4.544411e-10,2.020929e-07,4.014068e-07,4.269272e-07,3.359434e-07,2.169476e-07,1.204773e-07,5.898843e-08,2.584359e-08,1.022533e-08,3.675405e-09,1.204585e-09,3.607155e-10,9.876256e-11,2.471032e-11,5.638943e-12,1.169554e-12,2.192105e-13,3.679633e-14,5.452178e-15,6.958581e-16,7.307824e-17,5.707642e-18
1555.551,1.057647e-05,1.177390e-05,9.548976e-06,4.233225e-06,5.851761e-08,5.386210e-06,2.959298e-05,7.699607e-05,1.410922e-04,2.037647e-04,2.419453e-04,2.391657e-04,1.951305e-04,1.267711e-04,5.961398e-05,1.483809e-05,2.667069e-08,8.503512e-06,2.608336e-05,3.980954e-05,4.340699e-05,3.759749e-05,2.693800e-05,1.615757e-05,8.042830e-06,3.205395e-06,9.291054e-07,1.424005e-07,7.904010e-11,3.478568e-08,6.786349e-08,6.769257e-08,4.938268e-08,2.943001e-08,1.504826e-08,6.775641e-09,2.727846e-09,9.913731e-10,3.272274e-10,9.847272e-11,2.707522e-11,6.807123e-12,1.564190e-12,3.279231e-13,6.250880e-14,1.077453e-14,1.664807e-15,2.274009e-16,2.682260e-17,2.616094e-18
1555.796,1.893578e-05,2.438108e-05,2.510207e-05,1.899190e-05,8.110298e-06,2.274438e-07,6.737448e-06,3.660976e-05,8.931263e-05,1.516884e-04,2.022214e-04,2.213302e-04,2.016732e-04,1.518792e-04,9.141466e-05,4.021702e-05,9.724941e-06,8.000716e-08,3.596931e-06,1.089266e-05,1.560345e-05,1.578466e-05,1.263251e-05,8.350426e-06,4.620964e-06,2.125234e-06,7.856235e-07,2.134375e-07,3.194010e-08,1.383896e-10,4.957731e-09,9.575907e-09,8.971598e-09,6.071192e-09,3.340036e-09,1.572829e-09,6.513516e-10,2.410038e-10,8.046046e-11,2.439063e-11,6.740049e-12,1.701707e-12,3.928928e-13,8.292216e-14,1.597139e-14,2.798205e-15,4.435746e-16,6.308914e-17,7.943687e-18,8.657994e-19
1556.041,2.750207e-05,3.950862e-05,4.689207e-05,4.464193e-05,3.148466e-05,1.290221e-05,5.561633e-07,6.960558e-06,3.773723e-05,8.644217e-05,1.361396e-04,1.675764e-04,1.690862e-04,1.420242e-04,9.872180e-05,5.503487e-05,2.263053e-05,5.290456e-06,8.872541e-08,1.257943e-06,3.793517e-06,5.107688e-06,4.796331e-06,3.547558e-06,2.163809e-06,1.104779e-06,4.694183e-07,1.609043e-07,4.092913e-08,5.946483e-09,5.893084e-11,5.841732e-10,1.127734e-09,9.940077e-10,6.243487e-10,3.171794e-10,1.375818e-10,5.241232e-11,1.782531e-11,5.467460e-12,1.522292e-12,3.863240e-13,8.957274e-14,1.899315e-14,3.682093e-15,6.516033e-16,1.049324e-16,1.529821e-17,2.002869e-18,2.324547e-19
1556.286,3.261758e-05,5.200162e-05,6.878968e-05,7.525902e-05,6.623783e-05,4.351709e-05,1.705528e-05,9.801864e-07,5.929312e-06,3.241247e-05,6.981722e-05,1.020155e-04,1.159732e-04,1.078929e-04,8.354446e-05,5.359806e-05,2.766782e-05,1.062489e-05,2.391071e-06,6.163295e-08,3.631318e-07,1.101752e-06,1.396532e-06,1.217998e-06,8.328153e-07,4.687805e-07,2.208412e-07,8.668596e-08,2.754433e-08,6.553629e-09,9.199238e-10,1.469467e-11,5.679719e-11,1.108405e-10,9.207641e-11,5.371518e-11,2.520691e-11,1.007383e-11,3.530818e-12,1.103903e-12,3.111134e-13,7.956951e-14,1.854618e-14,3.949282e-15,7.691395e-16,1.369731e-16,2.227243e-17,3.296899e-18,4.420740e-19,5.327624e-20
1556.531,3.092310e-05,5.587701e-05,8.206120e-05,9.996621e-05,1.008112e-04,8.201324e-05,5.016015e-05,1.874541e-05,1.318001e-06,4.155588e-06,2.319632e-05,4.706281e-05,6.383580e-05,6.703977e-05,5.751340e-05,4.105723e-05,2.431003e-05,1.161755e-05,4.163103e-06,8.985276e-07,3.083082e-08,8.633852e-08,2.668373e-07,3.189714e-07,2.585311e-07,1.634623e-07,8.492457e-08,3.691667e-08,1.338606e-08,3.941829e-09,8.764860e-10,1.183627e-10,2.579480e-12,4.544872e-12,9.091267e-12,7.131671e-12,3.866744e-12,1.676729e-12,6.175225e-13,1.991647e-13,5.725024e-14,1.482702e-14,3.483708e-15,7.458373e-16,1.458762e-16,2.609586e-17,4.269387e-18,6.379240e-19,8.680428e-20,1.070544e-20
1556.776,2.190469e-05,4.789623e-05,7.989039e-05,1.080941e-04,1.212710e-04,1.127272e-04,8.475412e-05,4.822823e-05,1.714031e-05,1.392442e-06,2.389342e-06,1.383179e-05,2.648037e-05,3.336146e-05,3.237487e-05,2.561589e-05,1.685985e-05,9.212998e-06,4.075144e-06,1.361716e-06,2.809419e-07,1.176925e-08,1.685934e-08,5.388985e-08,6.086611e-08,4.587460e-08,2.682908e-08,1.286717e-08,5.161523e-09,1.728827e-09,4.716860e-10,9.793619e-11,1.267658e-11,3.421128e-13,2.982824e-13,6.222174e-13,4.619147e-13,2.329344e-13,9.336873e-14,3.169601e-14,9.408385e-15,2.486840e-15,5.919199e-16,1.277778e-16,2.513002e-17,4.514894e-18,7.419410e-19,1.115214e-19,1.531301e-20,1.915535e-21
1557.020,9.460205e-06,3.049385e-05,6.190880e-05,9.534706e-05,1.188728e-04,1.228316e-04,1.052435e-04,7.311731e-05,3.868924e-05,1.304534e-05,1.175868e-06,1.122660e-06,6.871730e-06,1.243806e-05,1.456378e-05,1.306336e-05,9.534262e-06,5.786088e-06,2.917925e-06,1.194390e-06,3.719141e-07,7.313442e-08,3.532200e-09,2.693346e-09,9.074643e-09,9.704422e-09,6.805950e-09,3.682842e-09,1.630764e-09,6.037002e-10,1.867771e-10,4.720473e-11,9.145209e-12,1.130900e-12,3.549653e-14,1.598020e-14,3.552983e-14,2.502077e-14,1.174416e-14,4.353139e-15,1.362448e-15,3.722670e-16,9.049276e-17,1.979785e-17,3.926992e-18,7.095342e-19,1.171062e-19,1.767955e-20,2.441668e-21,3.081173e-22
1557.265,7.932087e-07,1.159575e-05,3.540916e-05,6.678867e-05,9.500412e-05,1.091574e-04,1.038933e-04,8.205154e-05,5.266779e-05,2.590156e-05,8.268201e-06,8.024559e-07,4.287287e-07,2.844114e-06,4.877669e-06,5.311486e-06,4.404972e-06,2.966026e-06,1.659811e-06,7.724721e-07,2.925559e-07,8.483860e-08,1.585968e-08,8.480669e-10,3.501222e-10,1.273987e-09,1.292943e-09,8.443555e-10,4.228814e-10,1.729140e-10,5.907824e-11,1.688292e-11,3.951679e-12,7.138542e-13,8.409288e-14,2.938770e-15,6.941462e-16,1.692391e-15,1.133565e-15,4.956446e-16,1.699544e-16,4.905322e-17,1.233961e-17,2.758969e-18,5.548695e-19,1.011411e-19,1.679027e-20,2.545974e-21,3.531421e-22,4.481500e-23
1557.510,2.590141e-06,6.956568e-07,1.182883e-05,3.430026e-05,6.014760e-05,7.904435e-05,8.371182e-05,7.339462e-05,5.342938e-05,3.168239e-05,1.447463e-05,4.365925e-06,4.458608e-07,1.320294e-07,9.805533e-07,1.597168e-06,1.618586e-06,1.241489e-06,7.713398e-07,3.980609e-07,1.709641e-07,5.989840e-08,1.616753e-08,2.866547e-09,1.647075e-10,3.674908e-11,1.490893e-10,1.439616e-10,8.760815e-11,4.062385e-11,1.534164e-11,4.838058e-12,1.277030e-12,2.767752e-13,4.659086e-14,5.215036e-15,1.965477e-16,2.420349e-17,6.723053e-17,4.295695e-17,1.751207e-17,5.557214e-18,1.479506e-18,3.427092e-19,7.048844e-20,1.303326e-20,2.183383e-21,3.330569e-22,4.640260e-23,5.913943e-24
1557.755,1.666312e-05,3.376274e-06,4.784558e-07,1.004079e-05,2.772082e-05,4.522353e-05,5.492410e-05,5.362364e-05,4.331264e-05,2.906380e-05,1.591918e-05,6.753536e-06,1.921447e-06,2.027677e-07,3.239998e-08,2.815606e-07,4.367298e-07,4.121895e-07,2.924987e-07,1.677149e-07,7.982372e-08,3.163864e-08,1.025295e-08,2.574514e-09,4.320384e-10,2.607102e-11,3.077961e-12,1.454080e-11,1.339714e-11,7.603401e-12,3.265420e-12,1.139168e-12,3.316090e-13,8.084676e-14,1.622209e-14,2.543163e-15,2.698644e-16,1.070720e-17,6.668360e-19,2.226722e-18,1.361739e-18,5.180614e-19,1.522097e-19,3.738836e-20,7.976241e-21,1.509379e-21,2.566118e-22,3.951292e-23,5.538951e-24,7.091160e-25
1558.000,3.814459e-05,1.794636e-05,3.630702e-06,2.503512e-07,7.090845e-06,1.869337e-05,2.839265e-05,3.187785e-05,2.869686e-05,2.135569e-05,1.320932e-05,6.682428e-06,2.631435e-06,7.050722e-07,7.577542e-08,6.215182e-09,6.732281e-08,9.973357e-08,8.773294e-08,5.761763e-08,3.049476e-08,1.338691e-08,4.896644e-09,1.467548e-09,3.426484e-10,5.432185e-11,3.381328e-12,2.018500e-13,1.181627e-12,1.042108e-12,5.520474e-13,2.196649e-13,7.080269e-14,1.902686e-14,4.284585e-15,7.958009e-16,1.161271e-16,1.165822e-17,4.778726e-19,1.413310e-20,6.146709e-20,3.611233e-20,1.283389e-20,3.492639e-21,7.917629e-22,1.555926e-22,2.709312e-23,4.235772e-24,5.995522e-25,7.724262e-26
