Signal_nm \ Idler_nm,804.000,804.245,804.490,804.735,804.980,805.224,805.469,805.714,805.959,806.204,806.449,806.694,806.939,807.184,807.429,807.673,807.918,808.163,808.408,808.653,808.898,809.143,809.388,809.633,809.878,810.122,810.367,810.612,810.857,811.102,811.347,811.592,811.837,812.082,812.327,812.571,812.816,813.061,813.306,813.551,813.796,814.041,814.286,814.531,814.776,815.020,815.265,815.510,815.755,816.000
804.000,0.000000e+00,0.000000e+00,0.000000e+00,0.000000e+00,0.000000e+00,0.000000e+00,0.000000e+00,0.000000e+00,0.000000e+00,0.000000e+00,0.000000e+00,0.000000e+00,0.000000e+00,0.000000e+00,0.000000e+00,0.000000e+00,0.000000e+00,0.000000e+00,0.000000e+00,0.000000e+00,0.000000e+00,0.000000e+00,0.000000e+00,0.000000e+00,0.000000e+00,0.000000e+00,0.000000e+00,0.000000e+00,0.000000e+00,0.000000e+00,0.000000e+00,0.000000e+00,0.000000e+00,0.000000e+00,0.000000e+00,0.000000e+00,3.950549e-320,5.852252e-275,5.048929e-233,6.217813e-194,6.624971e-160,5.460092e-128,6.492000e-100,2.161493e-77,4.427546e-55,6.698325e-38,3.794796e-26,4.430003e-14,9.991522e-08,2.329026e-05
804.245,0.000000e+00,0.000000e+00,0.000000e+00,0.000000e+00,0.000000e+00,0.000000e+00,0.000000e+00,0.000000e+00,0.000000e+00,0.000000e+00,0.000000e+00,0.000000e+00,0.000000e+00,0.000000e+00,0.000000e+00,0.000000e+00,0.000000e+00,0.000000e+00,0.000000e+00,0.000000e+00,0.000000e+00,0.000000e+00,0.000000e+00,0.000000e+00,0.000000e+00,0.000000e+00,0.000000e+00,0.000000e+00,0.000000e+00,0.000000e+00,0.000000e+00,0.000000e+00,0.000000e+00,0.000000e+00,0.000000e+00,8.555241e-320,6.861627e-274,1.680796e-231,2.005903e-194,2.139911e-158,5.135543e-127,3.736403e-102,4.276089e-75,1.218218e-54,1.779890e-38,8.679007e-24,3.207098e-14,6.528376e-08,2.743375e-04,1.247109e-05
804.490,0.000000e+00,0.000000e+00,0.000000e+00,0.000000e+00,0.000000e+00,0.000000e+00,0.000000e+00,0.000000e+00,0.000000e+00,0.000000e+00,0.000000e+00,0.000000e+00,0.000000e+00,0.000000e+00,0.000000e+00,0.000000e+00,0.000000e+00,0.000000e+00,0.000000e+00,0.000000e+00,0.000000e+00,0.000000e+00,0.000000e+00,0.000000e+00,0.000000e+00,0.000000e+00,0.000000e+00,0.000000e+00,0.000000e+00,0.000000e+00,0.000000e+00,0.000000e+00,0.000000e+00,0.000000e+00,2.328581e-318,1.294014e-272,3.568638e-233,2.512949e-192,1.305985e-157,1.242215e-127,1.440506e-98,7.906238e-75,1.187162e-54,6.816967e-37,3.905539e-24,6.355368e-14,4.045383e-07,1.723508e-05,4.560163e-05,4.509059e-09
804.735,0.000000e+00,0.000000e+00,0.000000e+00,0.000000e+00,0.000000e+00,0.000000e+00,0.000000e+00,0.000000e+00,0.000000e+00,0.000000e+00,0.000000e+00,0.000000e+00,0.000000e+00,0.000000e+00,0.000000e+00,0.000000e+00,0.000000e+00,0.000000e+00,0.000000e+00,0.000000e+00,0.000000e+00,0.000000e+00,0.000000e+00,0.000000e+00,0.000000e+00,0.000000e+00,0.000000e+00,0.000000e+00,0.000000e+00,0.000000e+00,0.000000e+00,0.000000e+00,0.000000e+00,2.633846e-317,1.169922e-273,8.390799e-230,9.840950e-192,1.283062e-157,1.592218e-125,1.653825e-98,2.126851e-74,2.009805e-53,1.497334e-37,2.275631e-23,2.543505e-13,2.667331e-09,2.871735e-04,4.793713e-05,1.044799e-10,6.878794e-17
804.980,0.000000e+00,0.000000e+00,0.000000e+00,0.000000e+00,0.000000e+00,0.000000e+00,0.000000e+00,0.000000e+00,0.000000e+00,0.000000e+00,0.000000e+00,0.000000e+00,0.000000e+00,0.000000e+00,0.000000e+00,0.000000e+00,0.000000e+00,0.000000e+00,0.000000e+00,0.000000e+00,0.000000e+00,0.000000e+00,0.000000e+00,0.000000e+00,0.000000e+00,0.000000e+00,0.000000e+00,0.000000e+00,0.000000e+00,0.000000e+00,0.000000e+00,0.000000e+00,1.587936e-317,7.496365e-271,2.008988e-229,2.539550e-191,5.406441e-156,9.747014e-126,1.122706e-97,2.075099e-73,1.135615e-54,2.946344e-36,6.335698e-23,4.708325e-15,7.667221e-07,2.256704e-04,6.936194e-06,3.102136e-09,1.330378e-17,5.672399e-29
805.224,0.000000e+00,0.000000e+00,0.000000e+00,0.000000e+00,0.000000e+00,0.000000e+00,0.000000e+00,0.000000e+00,0.000000e+00,0.000000e+00,0.000000e+00,0.000000e+00,0.000000e+00,0.000000e+00,0.000000e+00,0.000000e+00,0.000000e+00,0.000000e+00,0.000000e+00,0.000000e+00,0.000000e+00,0.000000e+00,0.000000e+00,0.000000e+00,0.000000e+00,0.000000e+00,0.000000e+00,0.000000e+00,0.000000e+00,0.000000e+00,0.000000e+00,1.678066e-315,1.000671e-270,1.157874e-228,5.263259e-190,1.284018e-156,1.733832e-124,6.979790e-97,1.593126e-76,1.320265e-52,5.784582e-36,1.092458e-23,8.202328e-13,4.295290e-07,1.131726e-04,6.423660e-05,3.803988e-10,1.229626e-17,9.635195e-29,3.901666e-45
805.469,0.000000e+00,0.000000e+00,0.000000e+00,0.000000e+00,0.000000e+00,0.000000e+00,0.000000e+00,0.000000e+00,0.000000e+00,0.000000e+00,0.000000e+00,0.000000e+00,0.000000e+00,0.000000e+00,0.000000e+00,0.000000e+00,0.000000e+00,0.000000e+00,0.000000e+00,0.000000e+00,0.000000e+00,0.000000e+00,0.000000e+00,0.000000e+00,0.000000e+00,0.000000e+00,0.000000e+00,0.000000e+00,0.000000e+00,0.000000e+00,1.058177e-315,1.235255e-269,1.367611e-227,1.789622e-191,7.525068e-155,7.093367e-124,7.771281e-98,1.935944e-72,1.780178e-52,3.499791e-36,3.302064e-22,2.960777e-13,6.146533e-07,5.713272e-04,3.630586e-06,1.145774e-09,1.513039e-17,1.504477e-32,3.961074e-44,9.161662e-63
805.714,0.000000e+00,0.000000e+00,0.000000e+00,0.000000e+00,0.000000e+00,0.000000e+00,0.000000e+00,0.000000e+00,0.000000e+00,0.000000e+00,0.000000e+00,0.000000e+00,0.000000e+00,0.000000e+00,0.000000e+00,0.000000e+00,0.000000e+00,0.000000e+00,0.000000e+00,0.000000e+00,0.000000e+00,0.000000e+00,0.000000e+00,0.000000e+00,0.000000e+00,0.000000e+00,0.000000e+00,0.000000e+00,0.000000e+00,2.985973e-314,8.810365e-269,2.197526e-229,8.691008e-189,2.012628e-154,3.364818e-124,8.725228e-96,1.680869e-72,2.830045e-52,4.679516e-35,6.318193e-23,1.158571e-12,2.035107e-06,5.295128e-06,4.461529e-05,1.074134e-09,2.515796e-19,2.656161e-29,1.013893e-44,6.703420e-64,3.855457e-85
805.959,0.000000e+00,0.000000e+00,0.000000e+00,0.000000e+00,0.000000e+00,0.000000e+00,0.000000e+00,0.000000e+00,0.000000e+00,0.000000e+00,0.000000e+00,0.000000e+00,0.000000e+00,0.000000e+00,0.000000e+00,0.000000e+00,0.000000e+00,0.000000e+00,0.000000e+00,0.000000e+00,0.000000e+00,0.000000e+00,0.000000e+00,0.000000e+00,0.000000e+00,0.000000e+00,0.000000e+00,0.000000e+00,1.304070e-313,1.755276e-269,2.510414e-226,1.465495e-188,2.467486e-154,1.130756e-122,4.342194e-96,6.307531e-72,2.177515e-51,3.035174e-36,7.412040e-22,2.699295e-12,1.330929e-08,6.916818e-04,3.185896e-05,1.129791e-10,8.179846e-18,5.142690e-30,2.579841e-45,1.911675e-63,1.506576e-86,1.089627e-111
806.204,0.000000e+00,0.000000e+00,0.000000e+00,0.000000e+00,0.000000e+00,0.000000e+00,0.000000e+00,0.000000e+00,0.000000e+00,0.000000e+00,0.000000e+00,0.000000e+00,0.000000e+00,0.000000e+00,0.000000e+00,0.000000e+00,0.000000e+00,0.000000e+00,0.000000e+00,0.000000e+00,0.000000e+00,0.000000e+00,0.000000e+00,0.000000e+00,0.000000e+00,0.000000e+00,0.000000e+00,7.850206e-314,1.697070e-267,2.495159e-226,3.827743e-188,3.931327e-153,2.598311e-123,3.841070e-95,3.096177e-71,5.488371e-54,1.536810e-34,1.235580e-21,2.459852e-13,4.027997e-06,3.623396e-04,1.131018e-05,1.085485e-09,1.062712e-18,3.939090e-30,4.653950e-45,3.274736e-65,2.423973e-86,4.932580e-112,9.197216e-145
806.449,0.000000e+00,0.000000e+00,0.000000e+00,0.000000e+00,0.000000e+00,0.000000e+00,0.000000e+00,0.000000e+00,0.000000e+00,0.000000e+00,0.000000e+00,0.000000e+00,0.000000e+00,0.000000e+00,0.000000e+00,0.000000e+00,0.000000e+00,0.000000e+00,0.000000e+00,0.000000e+00,0.000000e+00,0.000000e+00,0.000000e+00,0.000000e+00,0.000000e+00,0.000000e+00,2.505340e-312,8.895800e-268,1.286386e-225,3.413991e-187,2.523763e-154,6.134049e-122,1.249075e-94,9.797504e-73,9.751488e-51,1.801718e-34,4.132728e-22,8.267301e-12,1.432622e-06,3.495969e-04,5.803581e-05,7.476563e-11,2.426904e-18,5.185423e-30,6.893496e-48,2.591602e-64,9.100603e-87,5.598894e-114,7.315209e-142,4.999407e-175
806.694,0.000000e+00,0.000000e+00,0.000000e+00,0.000000e+00,0.000000e+00,0.000000e+00,0.000000e+00,0.000000e+00,0.000000e+00,0.000000e+00,0.000000e+00,0.000000e+00,0.000000e+00,0.000000e+00,0.000000e+00,0.000000e+00,0.000000e+00,0.000000e+00,0.000000e+00,0.000000e+00,0.000000e+00,0.000000e+00,0.000000e+00,0.000000e+00,0.000000e+00,5.706190e-313,9.092813e-267,6.882705e-225,2.817471e-190,2.431011e-152,1.324294e-121,2.330269e-95,1.777298e-70,7.678482e-51,1.554631e-34,5.591778e-21,1.739080e-12,3.492074e-06,1.165802e-03,1.170334e-06,5.851901e-10,2.457789e-18,3.916149e-32,1.265408e-45,7.998358e-65,5.759943e-88,5.942720e-113,6.254693e-143,7.461581e-176,1.131213e-211
806.939,0.000000e+00,0.000000e+00,0.000000e+00,0.000000e+00,0.000000e+00,0.000000e+00,0.000000e+00,0.000000e+00,0.000000e+00,0.000000e+00,0.000000e+00,0.000000e+00,0.000000e+00,0.000000e+00,0.000000e+00,0.000000e+00,0.000000e+00,0.000000e+00,0.000000e+00,0.000000e+00,0.000000e+00,0.000000e+00,0.000000e+00,0.000000e+00,1.285458e-311,2.989123e-266,2.557824e-226,2.246183e-186,3.407287e-152,6.788487e-122,8.700754e-94,8.680244e-71,1.477743e-50,1.162528e-33,5.327497e-22,1.103451e-11,8.186477e-06,2.496894e-08,5.255259e-05,4.591376e-10,1.597570e-19,2.658934e-30,3.069493e-46,1.733742e-65,2.379398e-87,3.602656e-114,3.010439e-143,7.064902e-176,1.012491e-213,3.155152e-252
807.184,0.000000e+00,0.000000e+00,0.000000e+00,0.000000e+00,0.000000e+00,0.000000e+00,0.000000e+00,0.000000e+00,0.000000e+00,0.000000e+00,0.000000e+00,0.000000e+00,0.000000e+00,0.000000e+00,0.000000e+00,0.000000e+00,0.000000e+00,0.000000e+00,0.000000e+00,0.000000e+00,0.000000e+00,0.000000e+00,0.000000e+00,2.590533e-311,5.012798e-267,4.526346e-224,1.955782e-186,3.671055e-152,1.067223e-120,2.309963e-94,3.549291e-70,6.915889e-50,2.476505e-35,1.053439e-20,1.865678e-11,2.694897e-07,1.657166e-03,3.118474e-05,1.055643e-10,2.254684e-18,4.650417e-31,1.905985e-46,4.389289e-65,7.849738e-89,5.654477e-114,2.308706e-143,2.825566e-179,9.324714e-213,2.110729e-252,5.230220e-296
807.429,0.000000e+00,0.000000e+00,0.000000e+00,0.000000e+00,0.000000e+00,0.000000e+00,0.000000e+00,0.000000e+00,0.000000e+00,0.000000e+00,0.000000e+00,0.000000e+00,0.000000e+00,0.000000e+00,0.000000e+00,0.000000e+00,0.000000e+00,0.000000e+00,0.000000e+00,0.000000e+00,0.000000e+00,0.000000e+00,9.979912e-312,1.855812e-265,2.285542e-224,3.910548e-186,3.053965e-151,1.211197e-121,2.073834e-93,1.094171e-69,5.841632e-53,2.869007e-33,1.277828e-20,2.887016e-12,1.720935e-05,7.056252e-04,1.909588e-05,7.212485e-10,2.439240e-19,7.847660e-31,3.478660e-46,3.849515e-67,4.774718e-88,3.669318e-114,1.944854e-145,1.451218e-176,6.805339e-213,3.666308e-253,2.596623e-297,0.000000e+00
807.673,0.000000e+00,0.000000e+00,0.000000e+00,0.000000e+00,0.000000e+00,0.000000e+00,0.000000e+00,0.000000e+00,0.000000e+00,0.000000e+00,0.000000e+00,0.000000e+00,0.000000e+00,0.000000e+00,0.000000e+00,0.000000e+00,0.000000e+00,0.000000e+00,0.000000e+00,0.000000e+00,0.000000e+00,1.441513e-310,4.893752e-266,8.056318e-224,1.895708e-185,8.342330e-153,2.793042e-120,4.271835e-93,5.083541e-71,2.091884e-49,2.427721e-33,5.360714e-21,5.502006e-11,4.814403e-06,1.021502e-03,8.117844e-05,3.555446e-11,1.176842e-18,1.102108e-30,1.876925e-49,1.721754e-65,2.627862e-88,2.388069e-115,1.121068e-143,1.166660e-176,1.433592e-213,2.192636e-254,1.386742e-299,0.000000e+00,0.000000e+00
807.918,0.000000e+00,0.000000e+00,0.000000e+00,0.000000e+00,0.000000e+00,0.000000e+00,0.000000e+00,0.000000e+00,0.000000e+00,0.000000e+00,0.000000e+00,0.000000e+00,0.000000e+00,0.000000e+00,0.000000e+00,0.000000e+00,0.000000e+00,0.000000e+00,0.000000e+00,0.000000e+00,1.674390e-311,3.065908e-265,2.370467e-223,1.225374e-190,8.149671e-151,3.812200e-120,7.277489e-94,3.818066e-69,1.175087e-49,2.221094e-33,5.051177e-20,8.730279e-12,1.596722e-05,2.992972e-03,7.436106e-07,6.122621e-10,1.295943e-18,3.392046e-32,2.497691e-46,7.822681e-66,6.340802e-89,4.034409e-114,9.917915e-144,2.913208e-177,9.968002e-215,7.328978e-257,3.395744e-300,0.000000e+00,0.000000e+00,0.000000e+00
808.163,0.000000e+00,0.000000e+00,0.000000e+00,0.000000e+00,0.000000e+00,0.000000e+00,0.000000e+00,0.000000e+00,0.000000e+00,0.000000e+00,0.000000e+00,0.000000e+00,0.000000e+00,0.000000e+00,0.000000e+00,0.000000e+00,0.000000e+00,0.000000e+00,0.000000e+00,2.033218e-310,5.538846e-265,5.272379e-225,4.820109e-185,7.187684e-151,1.468568e-120,1.627093e-92,1.319792e-69,2.116042e-49,1.239965e-32,3.446177e-21,6.990453e-11,3.359878e-05,7.885992e-06,1.042252e-04,5.237835e-10,1.785119e-19,1.366666e-30,8.866583e-47,5.441059e-66,6.330442e-88,3.896700e-114,2.865029e-144,2.266614e-178,9.663573e-218,7.725220e-257,3.704070e-301,0.000000e+00,0.000000e+00,0.000000e+00,0.000000e+00
808.408,0.000000e+00,0.000000e+00,0.000000e+00,0.000000e+00,0.000000e+00,0.000000e+00,0.000000e+00,0.000000e+00,0.000000e+00,0.000000e+00,0.000000e+00,0.000000e+00,0.000000e+00,0.000000e+00,0.000000e+00,0.000000e+00,0.000000e+00,0.000000e+00,2.240845e-310,4.590061e-266,5.391006e-223,2.638989e-185,5.083820e-151,1.507508e-119,3.081663e-93,4.509484e-69,7.568606e-49,1.754124e-34,8.106291e-20,1.065778e-10,1.628124e-06,5.445333e-03,6.716071e-05,2.024986e-10,2.636577e-18,3.460676e-31,1.600180e-46,4.046078e-65,6.590813e-88,1.269315e-114,2.392426e-145,2.501525e-182,8.622167e-217,7.722906e-258,4.062985e-303,0.000000e+00,0.000000e+00,0.000000e+00,0.000000e+00,0.000000e+00
808.653,0.000000e+00,0.000000e+00,0.000000e+00,0.000000e+00,0.000000e+00,0.000000e+00,0.000000e+00,0.000000e+00,0.000000e+00,0.000000e+00,0.000000e+00,0.000000e+00,0.000000e+00,0.000000e+00,0.000000e+00,0.000000e+00,0.000000e+00,3.810068e-311,1.061619e-264,1.731623e-223,3.070745e-185,2.823797e-150,1.288958e-120,2.045771e-92,1.066960e-68,5.249492e-52,2.338285e-32,8.849876e-20,1.808174e-11,8.162750e-05,2.508774e-03,5.999025e-05,1.672851e-09,4.090279e-19,1.585360e-30,9.827024e-46,4.467655e-65,2.357088e-88,1.086260e-115,1.224411e-147,4.445610e-180,7.671441e-218,3.265199e-259,8.376837e-303,0.000000e+00,0.000000e+00,0.000000e+00,0.000000e+00,0.000000e+00,0.000000e+00
808.898,0.000000e+00,0.000000e+00,0.000000e+00,0.000000e+00,0.000000e+00,0.000000e+00,0.000000e+00,0.000000e+00,0.000000e+00,0.000000e+00,0.000000e+00,0.000000e+00,0.000000e+00,0.000000e+00,0.000000e+00,0.000000e+00,3.422343e-310,1.850413e-265,3.131719e-223,9.934074e-185,7.339049e-152,1.860736e-119,3.223050e-92,3.163307e-70,1.569184e-48,1.778319e-32,3.497550e-20,3.274760e-10,2.485322e-05,4.721763e-03,3.250925e-04,1.189502e-10,5.062188e-18,8.452286e-30,1.129374e-45,1.706271e-65,1.962257e-89,2.701943e-117,9.926382e-147,3.328308e-181,9.740296e-219,4.013731e-259,1.666446e-304,0.000000e+00,0.000000e+00,0.000000e+00,0.000000e+00,0.000000e+00,0.000000e+00,0.000000e+00
809.143,0.000000e+00,0.000000e+00,0.000000e+00,0.000000e+00,0.000000e+00,0.000000e+00,0.000000e+00,0.000000e+00,0.000000e+00,0.000000e+00,0.000000e+00,0.000000e+00,0.000000e+00,0.000000e+00,0.000000e+00,2.894764e-311,5.116565e-265,6.091871e-223,1.864621e-187,3.177786e-150,1.933563e-119,3.221359e-93,2.285368e-68,7.970619e-49,1.359695e-32,3.274345e-19,5.841538e-11,9.565067e-05,1.799795e-02,4.796270e-06,4.923263e-09,2.397123e-17,9.902138e-30,4.476154e-46,1.300608e-66,1.505214e-90,8.971991e-117,5.712449e-148,1.140059e-181,8.867117e-219,4.239427e-261,1.750315e-304,0.000000e+00,0.000000e+00,0.000000e+00,0.000000e+00,0.000000e+00,0.000000e+00,0.000000e+00,0.000000e+00
809.388,0.000000e+00,0.000000e+00,0.000000e+00,0.000000e+00,0.000000e+00,0.000000e+00,0.000000e+00,0.000000e+00,0.000000e+00,0.000000e+00,0.000000e+00,0.000000e+00,0.000000e+00,0.000000e+00,1.258553e-310,6.039142e-265,2.177995e-225,9.510513e-185,2.132529e-150,4.021186e-120,6.726110e-92,7.312691e-69,1.067280e-48,7.589374e-32,2.794645e-20,4.737895e-10,2.637237e-04,3.013549e-05,1.369333e-03,2.085695e-08,2.799479e-17,3.954443e-30,2.903712e-47,2.531297e-67,3.062340e-90,3.422275e-118,5.141922e-148,8.413739e-182,2.088847e-221,1.804312e-260,4.475730e-305,0.000000e+00,0.000000e+00,0.000000e+00,0.000000e+00,0.000000e+00,0.000000e+00,0.000000e+00,0.000000e+00,0.000000e+00
809.633,0.000000e+00,0.000000e+00,0.000000e+00,0.000000e+00,0.000000e+00,0.000000e+00,0.000000e+00,0.000000e+00,0.000000e+00,0.000000e+00,0.000000e+00,0.000000e+00,0.000000e+00,8.969429e-311,1.307014e-266,4.644842e-223,3.997207e-185,7.430251e-151,3.719958e-119,1.250887e-92,1.629913e-68,3.789003e-48,2.031108e-33,5.400854e-19,9.492265e-10,1.264841e-05,1.018764e-01,5.176740e-03,2.371487e-08,1.092821e-17,1.988496e-31,1.303368e-47,3.676728e-67,5.875216e-92,8.547605e-118,3.189598e-148,5.282735e-185,7.977628e-220,4.161931e-261,1.380169e-306,0.000000e+00,0.000000e+00,0.000000e+00,0.000000e+00,0.000000e+00,0.000000e+00,0.000000e+00,0.000000e+00,0.000000e+00,0.000000e+00
809.878,0.000000e+00,0.000000e+00,0.000000e+00,0.000000e+00,0.000000e+00,0.000000e+00,0.000000e+00,0.000000e+00,0.000000e+00,0.000000e+00,0.000000e+00,0.000000e+00,4.269206e-312,3.441770e-265,1.175120e-223,2.061925e-185,3.591451e-150,3.581983e-120,4.586996e-92,3.782810e-68,5.904949e-51,1.326542e-31,7.780561e-19,1.602044e-10,1.891608e-03,3.406093e-01,5.591374e-03,8.771569e-09,3.743052e-19,1.988521e-31,1.444644e-47,1.731355e-69,4.949293e-91,4.487098e-118,4.727920e-150,1.419447e-182,1.612466e-220,4.137391e-262,5.580641e-306,0.000000e+00,0.000000e+00,0.000000e+00,0.000000e+00,0.000000e+00,0.000000e+00,0.000000e+00,0.000000e+00,0.000000e+00,0.000000e+00,0.000000e+00
810.122,0.000000e+00,0.000000e+00,0.000000e+00,0.000000e+00,0.000000e+00,0.000000e+00,0.000000e+00,0.000000e+00,0.000000e+00,0.000000e+00,0.000000e+00,3.593138e-311,4.988957e-266,8.303027e-224,5.618070e-185,1.491703e-151,2.234078e-119,7.006214e-92,2.262574e-70,6.551986e-48,1.344948e-31,2.935971e-19,8.164135e-09,5.517849e-03,3.406863e-01,1.897900e-03,1.670265e-10,8.537463e-19,1.726392e-31,3.160492e-51,9.373757e-68,2.172417e-91,2.712258e-119,9.505929e-149,2.396096e-183,4.217988e-221,1.058734e-261,2.430952e-307,0.000000e+00,0.000000e+00,0.000000e+00,0.000000e+00,0.000000e+00,0.000000e+00,0.000000e+00,0.000000e+00,0.000000e+00,0.000000e+00,0.000000e+00,0.000000e+00
810.367,0.000000e+00,0.000000e+00,0.000000e+00,0.000000e+00,0.000000e+00,0.000000e+00,0.000000e+00,0.000000e+00,0.000000e+00,0.000000e+00,2.806774e-312,4.597724e-266,1.320719e-223,7.106308e-187,1.760018e-150,2.231742e-119,2.376545e-93,6.060453e-68,4.534418e-48,9.211525e-32,7.618593e-18,2.043145e-08,4.979006e-03,1.026977e-01,1.347599e-05,9.707143e-10,5.825849e-19,2.154508e-33,5.432599e-48,3.350616e-68,3.523172e-92,2.236273e-118,1.248261e-149,1.493392e-183,8.062205e-221,2.650751e-263,5.201611e-307,0.000000e+00,0.000000e+00,0.000000e+00,0.000000e+00,0.000000e+00,0.000000e+00,0.000000e+00,0.000000e+00,0.000000e+00,0.000000e+00,0.000000e+00,0.000000e+00,0.000000e+00
810.612,0.000000e+00,0.000000e+00,0.000000e+00,0.000000e+00,0.000000e+00,0.000000e+00,0.000000e+00,0.000000e+00,0.000000e+00,3.286702e-312,4.325090e-266,1.773888e-226,2.089916e-185,1.132742e-150,1.734085e-120,9.762106e-92,2.753145e-68,4.997038e-48,1.428385e-30,1.604509e-17,1.619302e-08,1.288788e-03,6.695498e-05,2.736801e-04,5.149432e-10,2.864888e-20,8.991132e-32,1.520185e-48,1.204333e-68,1.722149e-91,2.056035e-119,1.782018e-149,2.294090e-183,6.686528e-223,1.895022e-262,2.904353e-307,0.000000e+00,0.000000e+00,0.000000e+00,0.000000e+00,0.000000e+00,0.000000e+00,0.000000e+00,0.000000e+00,0.000000e+00,0.000000e+00,0.000000e+00,0.000000e+00,0.000000e+00,0.000000e+00
810.857,0.000000e+00,0.000000e+00,0.000000e+00,0.000000e+00,0.000000e+00,0.000000e+00,0.000000e+00,0.000000e+00,1.827945e-312,2.451698e-269,3.478578e-224,8.482272e-186,1.462525e-151,2.543401e-119,2.773759e-92,4.521861e-68,4.995471e-47,2.478562e-30,1.086902e-17,3.476934e-09,1.694270e-06,1.785899e-02,1.104673e-04,6.103592e-11,3.958977e-19,1.866764e-32,1.090851e-48,4.040949e-68,9.369925e-93,6.817146e-119,2.268468e-149,6.710017e-188,2.577844e-221,9.499908e-263,1.378702e-308,0.000000e+00,0.000000e+00,0.000000e+00,0.000000e+00,0.000000e+00,0.000000e+00,0.000000e+00,0.000000e+00,0.000000e+00,0.000000e+00,0.000000e+00,0.000000e+00,0.000000e+00,0.000000e+00,0.000000e+00
811.102,0.000000e+00,0.000000e+00,0.000000e+00,0.000000e+00,0.000000e+00,0.000000e+00,0.000000e+00,8.845580e-315,7.536526e-267,8.671486e-225,1.530773e-186,9.946009e-151,4.259303e-120,6.464686e-92,3.023495e-67,6.982051e-47,1.395875e-30,1.868453e-18,3.406814e-11,2.512489e-04,5.323222e-03,2.530490e-05,4.315334e-10,5.675711e-20,2.526026e-32,2.686601e-48,9.471788e-70,7.876680e-92,7.242464e-119,2.276743e-151,1.225725e-183,1.134138e-221,1.356607e-263,1.447322e-307,0.000000e+00,0.000000e+00,0.000000e+00,0.000000e+00,0.000000e+00,0.000000e+00,0.000000e+00,0.000000e+00,0.000000e+00,0.000000e+00,0.000000e+00,0.000000e+00,0.000000e+00,0.000000e+00,0.000000e+00,0.000000e+00
811.347,0.000000e+00,0.000000e+00,0.000000e+00,0.000000e+00,0.000000e+00,0.000000e+00,1.971460e-313,1.119231e-267,1.955044e-225,5.413113e-186,9.111988e-152,1.370502e-119,2.936346e-91,3.323661e-67,3.178715e-47,1.852372e-31,4.812018e-20,7.087845e-10,5.325641e-05,2.075094e-03,1.082386e-04,3.867571e-11,1.417791e-19,4.702453e-32,1.102507e-50,2.575880e-68,6.930143e-92,3.722771e-120,1.902190e-149,4.570331e-184,3.906009e-222,8.566472e-263,1.682023e-308,0.000000e+00,0.000000e+00,0.000000e+00,0.000000e+00,0.000000e+00,0.000000e+00,0.000000e+00,0.000000e+00,0.000000e+00,0.000000e+00,0.000000e+00,0.000000e+00,0.000000e+00,0.000000e+00,0.000000e+00,0.000000e+00,0.000000e+00
811.592,0.000000e+00,0.000000e+00,0.000000e+00,0.000000e+00,0.000000e+00,1.685659e-314,2.906808e-268,3.799524e-225,2.461129e-187,4.023410e-151,4.240158e-119,2.476532e-91,1.189049e-67,3.136427e-48,8.856076e-33,3.725038e-19,1.020557e-10,3.255534e-05,5.802450e-03,5.229484e-06,1.812947e-10,2.012057e-19,4.789721e-35,2.227062e-48,1.843179e-68,9.738042e-93,8.980714e-119,5.733076e-150,3.367873e-184,1.766768e-221,6.780143e-264,4.865595e-308,0.000000e+00,0.000000e+00,0.000000e+00,0.000000e+00,0.000000e+00,0.000000e+00,0.000000e+00,0.000000e+00,0.000000e+00,0.000000e+00,0.000000e+00,0.000000e+00,0.000000e+00,0.000000e+00,0.000000e+00,0.000000e+00,0.000000e+00,0.000000e+00
811.837,0.000000e+00,0.000000e+00,0.000000e+00,0.000000e+00,4.736646e-315,3.185418e-268,7.475624e-227,1.522687e-186,8.431634e-151,2.674408e-119,6.765898e-92,8.392890e-69,2.314154e-49,3.385409e-32,3.447464e-20,9.267764e-11,6.170692e-05,1.172104e-04,4.940190e-05,1.952866e-10,3.524402e-21,4.744717e-32,1.262393e-48,5.474890e-69,1.200811e-91,2.055527e-119,8.440657e-150,1.181279e-183,7.536004e-223,4.968105e-263,6.624028e-308,0.000000e+00,0.000000e+00,0.000000e+00,0.000000e+00,0.000000e+00,0.000000e+00,0.000000e+00,0.000000e+00,0.000000e+00,0.000000e+00,0.000000e+00,0.000000e+00,0.000000e+00,0.000000e+00,0.000000e+00,0.000000e+00,0.000000e+00,0.000000e+00,0.000000e+00
812.082,0.000000e+00,0.000000e+00,0.000000e+00,2.952608e-315,2.181367e-270,6.901314e-226,2.137243e-186,3.873946e-151,5.421310e-120,3.283000e-93,8.479439e-70,4.935068e-49,1.882140e-33,4.497766e-20,1.207610e-10,2.903637e-07,2.675256e-03,3.987445e-05,1.072785e-11,2.318151e-19,2.060425e-32,6.868656e-49,4.228843e-68,1.919922e-92,5.846463e-119,2.380304e-149,1.606967e-185,1.639780e-221,6.018345e-263,2.418534e-309,0.000000e+00,0.000000e+00,0.000000e+00,0.000000e+00,0.000000e+00,0.000000e+00,0.000000e+00,0.000000e+00,0.000000e+00,0.000000e+00,0.000000e+00,0.000000e+00,0.000000e+00,0.000000e+00,0.000000e+00,0.000000e+00,0.000000e+00,0.000000e+00,0.000000e+00,0.000000e+00
812.327,0.000000e+00,0.000000e+00,4.545636e-318,3.474548e-269,6.389338e-226,6.963553e-187,5.660473e-152,1.735521e-121,4.164527e-94,1.069645e-69,1.513093e-50,3.477844e-33,4.032201e-20,2.195788e-16,2.679451e-05,1.587630e-03,4.472832e-06,2.414383e-10,7.405927e-20,1.873857e-32,3.644811e-48,4.197650e-69,1.053712e-91,1.342872e-118,3.809834e-153,1.635536e-183,1.742106e-221,7.448218e-264,1.147553e-307,0.000000e+00,0.000000e+00,0.000000e+00,0.000000e+00,0.000000e+00,0.000000e+00,0.000000e+00,0.000000e+00,0.000000e+00,0.000000e+00,0.000000e+00,0.000000e+00,0.000000e+00,0.000000e+00,0.000000e+00,0.000000e+00,0.000000e+00,0.000000e+00,0.000000e+00,0.000000e+00,0.000000e+00
812.571,0.000000e+00,1.800291e-316,2.083347e-269,1.436458e-226,7.124071e-188,1.145792e-153,2.583570e-122,3.193526e-94,1.613010e-71,3.991520e-50,2.128775e-33,1.345828e-22,4.612585e-11,1.141988e-05,2.947278e-04,4.978356e-05,5.407481e-11,1.057997e-19,7.139400e-32,1.868256e-49,4.627287e-68,1.969302e-91,1.439625e-120,4.597774e-149,1.489951e-183,5.184205e-222,1.663890e-262,4.160586e-308,0.000000e+00,0.000000e+00,0.000000e+00,0.000000e+00,0.000000e+00,0.000000e+00,0.000000e+00,0.000000e+00,0.000000e+00,0.000000e+00,0.000000e+00,0.000000e+00,0.000000e+00,0.000000e+00,0.000000e+00,0.000000e+00,0.000000e+00,0.000000e+00,0.000000e+00,0.000000e+00,0.000000e+00,0.000000e+00
812.816,6.848852e-317,3.143386e-270,9.993754e-228,8.726074e-190,1.894052e-154,1.216145e-122,2.001831e-96,6.320781e-71,1.646097e-50,2.452882e-35,1.266876e-20,1.374203e-11,3.078740e-06,1.885963e-03,7.379432e-06,1.163735e-10,2.949522e-19,1.334382e-33,4.620999e-48,6.965953e-68,1.034736e-92,3.392143e-118,3.488434e-149,8.934522e-184,7.270710e-221,4.738415e-263,1.192639e-307,0.000000e+00,0.000000e+00,0.000000e+00,0.000000e+00,0.000000e+00,0.000000e+00,0.000000e+00,0.000000e+00,0.000000e+00,0.000000e+00,0.000000e+00,0.000000e+00,0.000000e+00,0.000000e+00,0.000000e+00,0.000000e+00,0.000000e+00,0.000000e+00,0.000000e+00,0.000000e+00,0.000000e+00,0.000000e+00,0.000000e+00
813.061,1.444411e-271,7.077746e-230,1.528631e-190,5.467386e-155,2.368198e-125,1.281818e-95,1.726303e-71,3.530470e-52,5.148681e-34,2.560610e-21,4.903898e-12,1.217356e-05,1.724987e-04,2.333512e-05,2.383898e-10,7.098353e-22,9.773027e-32,5.512367e-48,9.075666e-69,6.108547e-91,2.069488e-118,3.777156e-149,8.901350e-183,1.486863e-221,2.696603e-262,4.572012e-307,0.000000e+00,0.000000e+00,0.000000e+00,0.000000e+00,0.000000e+00,0.000000e+00,0.000000e+00,0.000000e+00,0.000000e+00,0.000000e+00,0.000000e+00,0.000000e+00,0.000000e+00,0.000000e+00,0.000000e+00,0.000000e+00,0.000000e+00,0.000000e+00,0.000000e+00,0.000000e+00,0.000000e+00,0.000000e+00,0.000000e+00,0.000000e+00
813.306,1.261828e-230,2.684459e-191,1.621270e-158,3.086118e-124,2.272777e-96,5.270939e-73,2.869342e-51,6.835760e-35,1.125961e-21,1.240962e-11,6.288725e-07,7.953669e-04,3.494689e-05,2.673020e-13,4.070125e-19,9.046560e-32,1.349062e-48,2.494720e-67,2.875690e-91,3.753913e-118,2.836506e-148,1.150986e-183,1.695747e-220,8.990165e-262,4.884094e-310,0.000000e+00,0.000000e+00,0.000000e+00,0.000000e+00,0.000000e+00,0.000000e+00,0.000000e+00,0.000000e+00,0.000000e+00,0.000000e+00,0.000000e+00,0.000000e+00,0.000000e+00,0.000000e+00,0.000000e+00,0.000000e+00,0.000000e+00,0.000000e+00,0.000000e+00,0.000000e+00,0.000000e+00,0.000000e+00,0.000000e+00,0.000000e+00,0.000000e+00
813.551,1.411796e-196,8.170060e-157,3.475965e-125,8.413625e-98,2.030755e-72,2.418054e-52,3.492975e-35,1.850752e-21,3.215671e-13,4.286722e-06,8.611252e-04,4.079931e-07,3.099995e-10,2.853193e-19,3.546255e-32,2.145196e-47,8.638830e-68,8.285156e-91,2.184337e-117,1.894314e-149,2.771342e-182,4.886548e-220,2.895732e-263,2.464076e-306,0.000000e+00,0.000000e+00,0.000000e+00,0.000000e+00,0.000000e+00,0.000000e+00,0.000000e+00,0.000000e+00,0.000000e+00,0.000000e+00,0.000000e+00,0.000000e+00,0.000000e+00,0.000000e+00,0.000000e+00,0.000000e+00,0.000000e+00,0.000000e+00,0.000000e+00,0.000000e+00,0.000000e+00,0.000000e+00,0.000000e+00,0.000000e+00,0.000000e+00,0.000000e+00
813.796,5.712681e-158,1.392532e-126,1.689382e-97,1.047919e-73,1.365628e-52,3.739115e-35,2.018409e-23,3.392838e-12,3.304011e-06,2.553136e-05,4.006537e-05,1.601874e-10,1.607555e-19,3.603492e-31,5.167179e-48,3.807851e-67,3.772171e-90,5.056246e-119,1.097155e-147,6.813265e-182,5.749191e-221,6.814122e-261,3.017283e-306,0.000000e+00,0.000000e+00,0.000000e+00,0.000000e+00,0.000000e+00,0.000000e+00,0.000000e+00,0.000000e+00,0.000000e+00,0.000000e+00,0.000000e+00,0.000000e+00,0.000000e+00,0.000000e+00,0.000000e+00,0.000000e+00,0.000000e+00,0.000000e+00,0.000000e+00,0.000000e+00,0.000000e+00,0.000000e+00,0.000000e+00,0.000000e+00,0.000000e+00,0.000000e+00,0.000000e+00
814.041,1.528131e-126,5.142974e-99,6.257417e-74,9.471177e-53,1.260823e-37,3.657790e-22,1.827911e-12,1.658539e-07,8.146502e-04,1.482426e-05,1.195380e-10,1.096437e-18,5.649587e-32,3.402765e-47,1.354933e-66,7.541263e-93,9.790441e-117,2.260382e-147,1.836091e-182,4.891380e-219,7.082769e-261,6.433660e-306,0.000000e+00,0.000000e+00,0.000000e+00,0.000000e+00,0.000000e+00,0.000000e+00,0.000000e+00,0.000000e+00,0.000000e+00,0.000000e+00,0.000000e+00,0.000000e+00,0.000000e+00,0.000000e+00,0.000000e+00,0.000000e+00,0.000000e+00,0.000000e+00,0.000000e+00,0.000000e+00,0.000000e+00,0.000000e+00,0.000000e+00,0.000000e+00,0.000000e+00,0.000000e+00,0.000000e+00,0.000000e+00
814.286,3.118558e-99,2.782571e-74,4.491105e-56,4.977346e-36,1.349827e-22,1.259430e-13,2.414403e-06,2.093320e-04,1.371204e-05,5.600252e-10,1.031396e-19,5.505355e-31,9.384841e-47,4.817800e-69,1.829957e-89,1.654493e-116,1.115524e-147,8.465790e-181,4.149786e-219,2.549389e-260,8.521069e-305,0.000000e+00,0.000000e+00,0.000000e+00,0.000000e+00,0.000000e+00,0.000000e+00,0.000000e+00,0.000000e+00,0.000000e+00,0.000000e+00,0.000000e+00,0.000000e+00,0.000000e+00,0.000000e+00,0.000000e+00,0.000000e+00,0.000000e+00,0.000000e+00,0.000000e+00,0.000000e+00,0.000000e+00,0.000000e+00,0.000000e+00,0.000000e+00,0.000000e+00,0.000000e+00,0.000000e+00,0.000000e+00,0.000000e+00
814.531,7.048633e-79,7.914907e-54,1.231235e-36,1.112907e-23,9.657450e-13,4.174330e-07,2.267780e-04,4.447735e-05,2.846127e-11,1.498838e-18,1.161634e-30,2.303666e-48,6.651058e-66,2.476467e-89,1.301406e-116,3.279142e-146,5.608595e-181,2.395546e-218,2.790154e-259,1.065162e-305,0.000000e+00,0.000000e+00,0.000000e+00,0.000000e+00,0.000000e+00,0.000000e+00,0.000000e+00,0.000000e+00,0.000000e+00,0.000000e+00,0.000000e+00,0.000000e+00,0.000000e+00,0.000000e+00,0.000000e+00,0.000000e+00,0.000000e+00,0.000000e+00,0.000000e+00,0.000000e+00,0.000000e+00,0.000000e+00,0.000000e+00,0.000000e+00,0.000000e+00,0.000000e+00,0.000000e+00,0.000000e+00,0.000000e+00,0.000000e+00
814.776,1.283323e-54,1.096303e-37,4.824617e-23,1.087753e-13,5.035600e-07,5.085315e-04,1.055209e-06,6.373167e-10,2.380288e-18,6.834127e-32,4.360100e-46,7.023875e-66,2.811043e-89,2.636837e-115,1.613813e-146,4.994983e-180,2.177471e-217,1.371271e-260,1.268597e-303,0.000000e+00,0.000000e+00,0.000000e+00,0.000000e+00,0.000000e+00,0.000000e+00,0.000000e+00,0.000000e+00,0.000000e+00,0.000000e+00,0.000000e+00,0.000000e+00,0.000000e+00,0.000000e+00,0.000000e+00,0.000000e+00,0.000000e+00,0.000000e+00,0.000000e+00,0.000000e+00,0.000000e+00,0.000000e+00,0.000000e+00,0.000000e+00,0.000000e+00,0.000000e+00,0.000000e+00,0.000000e+00,0.000000e+00,0.000000e+00,0.000000e+00
815.020,2.784292e-37,3.427261e-24,1.394611e-13,7.746202e-07,4.466205e-06,3.924037e-05,7.477116e-10,2.347445e-19,4.778496e-30,3.496819e-46,1.064129e-65,4.081013e-88,9.107224e-116,2.155254e-145,3.756358e-179,1.523964e-219,5.167539e-258,5.517975e-303,0.000000e+00,0.000000e+00,0.000000e+00,0.000000e+00,0.000000e+00,0.000000e+00,0.000000e+00,0.000000e+00,0.000000e+00,0.000000e+00,0.000000e+00,0.000000e+00,0.000000e+00,0.000000e+00,0.000000e+00,0.000000e+00,0.000000e+00,0.000000e+00,0.000000e+00,0.000000e+00,0.000000e+00,0.000000e+00,0.000000e+00,0.000000e+00,0.000000e+00,0.000000e+00,0.000000e+00,0.000000e+00,0.000000e+00,0.000000e+00,0.000000e+00,0.000000e+00
815.265,4.467505e-24,1.454136e-13,1.570886e-09,3.240779e-04,3.333169e-05,1.016877e-10,8.110217e-18,2.830107e-30,6.622438e-46,1.126477e-64,9.261420e-89,1.790529e-114,1.327968e-144,1.125132e-181,4.685467e-216,1.950739e-257,5.312626e-303,0.000000e+00,0.000000e+00,0.000000e+00,0.000000e+00,0.000000e+00,0.000000e+00,0.000000e+00,0.000000e+00,0.000000e+00,0.000000e+00,0.000000e+00,0.000000e+00,0.000000e+00,0.000000e+00,0.000000e+00,0.000000e+00,0.000000e+00,0.000000e+00,0.000000e+00,0.000000e+00,0.000000e+00,0.000000e+00,0.000000e+00,0.000000e+00,0.000000e+00,0.000000e+00,0.000000e+00,0.000000e+00,0.000000e+00,0.000000e+00,0.000000e+00,0.000000e+00,0.000000e+00
815.510,8.916999e-18,3.323037e-07,1.951300e-04,5.480093e-06,1.973444e-09,3.448085e-18,6.323635e-30,5.136220e-45,1.553137e-65,2.660492e-87,8.915683e-114,4.661302e-146,8.776335e-178,1.500402e-215,3.034515e-257,3.796753e-301,0.000000e+00,0.000000e+00,0.000000e+00,0.000000e+00,0.000000e+00,0.000000e+00,0.000000e+00,0.000000e+00,0.000000e+00,0.000000e+00,0.000000e+00,0.000000e+00,0.000000e+00,0.000000e+00,0.000000e+00,0.000000e+00,0.000000e+00,0.000000e+00,0.000000e+00,0.000000e+00,0.000000e+00,0.000000e+00,0.000000e+00,0.000000e+00,0.000000e+00,0.000000e+00,0.000000e+00,0.000000e+00,0.000000e+00,0.000000e+00,0.000000e+00,0.000000e+00,0.000000e+00,0.000000e+00
815.755,1.387747e-07,3.507192e-05,6.369968e-05,5.855557e-10,8.619963e-18,3.581190e-29,3.904192e-46,6.559731e-64,1.053031e-86,8.471307e-115,3.149279e-143,2.327083e-177,3.416318e-215,1.577698e-255,4.895519e-301,0.000000e+00,0.000000e+00,0.000000e+00,0.000000e+00,0.000000e+00,0.000000e+00,0.000000e+00,0.000000e+00,0.000000e+00,0.000000e+00,0.000000e+00,0.000000e+00,0.000000e+00,0.000000e+00,0.000000e+00,0.000000e+00,0.000000e+00,0.000000e+00,0.000000e+00,0.000000e+00,0.000000e+00,0.000000e+00,0.000000e+00,0.000000e+00,0.000000e+00,0.000000e+00,0.000000e+00,0.000000e+00,0.000000e+00,0.000000e+00,0.000000e+00,0.000000e+00,0.000000e+00,0.000000e+00,0.000000e+00
816.000,2.522399e-04,1.283302e-05,1.557318e-09,3.533233e-17,1.320221e-30,2.487544e-44,2.026080e-63,1.788119e-87,2.006318e-112,6.743915e-143,7.165387e-177,1.339974e-213,1.561443e-255,1.316661e-299,0.000000e+00,0.000000e+00,0.000000e+00,0.000000e+00,0.000000e+00,0.000000e+00,0.000000e+00,0.000000e+00,0.000000e+00,0.000000e+00,0.000000e+00,0.000000e+00,0.000000e+00,0.000000e+00,0.000000e+00,0.000000e+00,0.000000e+00,0.000000e+00,0.000000e+00,0.000000e+00,0.000000e+00,0.000000e+00,0.000000e+00,0.000000e+00,0.000000e+00,0.000000e+00,0.000000e+00,0.000000e+00,0.000000e+00,0.000000e+00,0.000000e+00,0.000000e+00,0.000000e+00,0.000000e+00,0.000000e+00,0.000000e+00
