id,group,question,question_fa,doc_id,pages,expected
ri-Ag-1,ri,What is the dispersion formula (Sellmeier coefficients) for the refractive index of Ag?,فرمول پاشندگی (ضرایب سلمایر) ضریب شکست Ag چیست؟,10.1364_josa.65.000742,,
ri-Ag-2,ri,Refractive index of Silver as a function of wavelength,ضریب شکست Ag بر حسب طول موج,10.1364_josa.65.000742,,
ri-Ag-3,ri,Ag refractive index measurement,اندازه‌گیری ضریب شکست Ag,10.1364_josa.65.000742,,
ri-AgCl-1,ri,What is the dispersion formula (Sellmeier coefficients) for the refractive index of AgCl?,فرمول پاشندگی (ضرایب سلمایر) ضریب شکست AgCl چیست؟,10.1103_physrevb.39.3337,,
ri-AgCl-2,ri,Refractive index of Silver chloride as a function of wavelength,ضریب شکست AgCl بر حسب طول موج,10.1103_physrevb.39.3337,,
ri-AgCl-3,ri,AgCl refractive index measurement,اندازه‌گیری ضریب شکست AgCl,10.1103_physrevb.39.3337,,
ri-AgGaS2-1,ri,What is the dispersion formula (Sellmeier coefficients) for the refractive index of AgGaS2?,فرمول پاشندگی (ضرایب سلمایر) ضریب شکست AgGaS2 چیست؟,10.1109_jqe.1971.1076588;10.1143_jjap.35.4645;10.1364_ao.38.004577,,
ri-AgGaS2-2,ri,Refractive index of Silver gallium sulfide as a function of wavelength,ضریب شکست AGS بر حسب طول موج,10.1109_jqe.1971.1076588;10.1143_jjap.35.4645;10.1364_ao.38.004577,,
ri-AgGaS2-3,ri,AGS refractive index measurement,اندازه‌گیری ضریب شکست AGS,10.1109_jqe.1971.1076588;10.1143_jjap.35.4645;10.1364_ao.38.004577,,
ri-AgGaSe2-1,ri,What is the dispersion formula (Sellmeier coefficients) for the refractive index of AgGaSe2?,فرمول پاشندگی (ضرایب سلمایر) ضریب شکست AgGaSe2 چیست؟,10.1109_jqe.1972.1076900,,
ri-AgGaSe2-2,ri,Refractive index of Silver gallium selenide as a function of wavelength,ضریب شکست AGSe بر حسب طول موج,10.1109_jqe.1972.1076900,,
ri-AgGaSe2-3,ri,AGSe refractive index measurement,اندازه‌گیری ضریب شکست AGSe,10.1109_jqe.1972.1076900,,
ri-Al-1,ri,What is the dispersion formula (Sellmeier coefficients) for the refractive index of Al?,فرمول پاشندگی (ضرایب سلمایر) ضریب شکست Al چیست؟,10.1364_josa.65.000742,,
ri-Al-2,ri,Refractive index of Aluminium as a function of wavelength,ضریب شکست Al بر حسب طول موج,10.1364_josa.65.000742,,
ri-Al-3,ri,Al refractive index measurement,اندازه‌گیری ضریب شکست Al,10.1364_josa.65.000742,,
ri-Al2O3-1,ri,What is the dispersion formula (Sellmeier coefficients) for the refractive index of Al2O3?,فرمول پاشندگی (ضرایب سلمایر) ضریب شکست Al2O3 چیست؟,10.1103_physrevb.39.3337;10.1103_physrevlett.115.177402;10.1117_12.2190104;10.1364_ao.51.006789;10.1364_josa.52.001377;10.1364_josa.65.000742,,
ri-Al2O3-2,ri,Refractive index of Aluminium sesquioxide as a function of wavelength,ضریب شکست Al2O3 بر حسب طول موج,10.1103_physrevb.39.3337;10.1103_physrevlett.115.177402;10.1117_12.2190104;10.1364_ao.51.006789;10.1364_josa.52.001377;10.1364_josa.65.000742,,
ri-Al2O3-3,ri,Al2O3 refractive index measurement,اندازه‌گیری ضریب شکست Al2O3,10.1103_physrevb.39.3337;10.1103_physrevlett.115.177402;10.1117_12.2190104;10.1364_ao.51.006789;10.1364_josa.52.001377;10.1364_josa.65.000742,,
ri-AlAs-1,ri,What is the dispersion formula (Sellmeier coefficients) for the refractive index of AlAs?,فرمول پاشندگی (ضرایب سلمایر) ضریب شکست AlAs چیست؟,10.1063_1.363586,,
ri-AlAs-2,ri,Refractive index of Aluminium arsenide as a function of wavelength,ضریب شکست AlAs بر حسب طول موج,10.1063_1.363586,,
ri-AlAs-3,ri,AlAs refractive index measurement,اندازه‌گیری ضریب شکست AlAs,10.1063_1.363586,,
ri-AlN-1,ri,What is the dispersion formula (Sellmeier coefficients) for the refractive index of AlN?,فرمول پاشندگی (ضرایب سلمایر) ضریب شکست AlN چیست؟,10.1002_pssb.19660140127;10.1364_ao.51.006789,,
ri-AlN-2,ri,Refractive index of Aluminium nitride as a function of wavelength,ضریب شکست AlN بر حسب طول موج,10.1002_pssb.19660140127;10.1364_ao.51.006789,,
ri-AlN-3,ri,AlN refractive index measurement,اندازه‌گیری ضریب شکست AlN,10.1002_pssb.19660140127;10.1364_ao.51.006789,,
ri-AlPO4-1,ri,What is the dispersion formula (Sellmeier coefficients) for the refractive index of AlPO4?,فرمول پاشندگی (ضرایب سلمایر) ضریب شکست AlPO4 چیست؟,10.1063_1.1703106,,
ri-AlPO4-2,ri,Refractive index of Aluminium phosphate as a function of wavelength,ضریب شکست AlPO4 بر حسب طول موج,10.1063_1.1703106,,
ri-AlPO4-3,ri,AlPO4 refractive index measurement,اندازه‌گیری ضریب شکست AlPO4,10.1063_1.1703106,,
ri-Au-1,ri,What is the dispersion formula (Sellmeier coefficients) for the refractive index of Au?,فرمول پاشندگی (ضرایب سلمایر) ضریب شکست Au چیست؟,10.1364_josa.65.000742,,
ri-Au-2,ri,Refractive index of Gold as a function of wavelength,ضریب شکست Au بر حسب طول موج,10.1364_josa.65.000742,,
ri-Au-3,ri,Au refractive index measurement,اندازه‌گیری ضریب شکست Au,10.1364_josa.65.000742,,
ri-BN-1,ri,What is the dispersion formula (Sellmeier coefficients) for the refractive index of BN?,فرمول پاشندگی (ضرایب سلمایر) ضریب شکست BN چیست؟,10.1002_pssb.201800417,,
ri-BN-2,ri,Refractive index of Boron nitride as a function of wavelength,ضریب شکست BN بر حسب طول موج,10.1002_pssb.201800417,,
ri-BN-3,ri,BN refractive index measurement,اندازه‌گیری ضریب شکست BN,10.1002_pssb.201800417,,
ri-BaB2O4-1,ri,What is the dispersion formula (Sellmeier coefficients) for the refractive index of BaB2O4?,فرمول پاشندگی (ضرایب سلمایر) ضریب شکست BaB2O4 چیست؟,10.1016_s0030_4018_00_00968_8;10.1063_1.339536,,
ri-BaB2O4-2,ri,Refractive index of Barium borate as a function of wavelength,ضریب شکست BBO بر حسب طول موج,10.1016_s0030_4018_00_00968_8;10.1063_1.339536,,
ri-BaB2O4-3,ri,BBO refractive index measurement,اندازه‌گیری ضریب شکست BBO,10.1016_s0030_4018_00_00968_8;10.1063_1.339536,,
ri-BaF2-1,ri,What is the dispersion formula (Sellmeier coefficients) for the refractive index of BaF2?,فرمول پاشندگی (ضرایب سلمایر) ضریب شکست BaF2 چیست؟,10.1063_1.555616;10.1063_1.89561;10.1103_physrev.127.1950;10.1103_physrev.157.709;10.1103_physrevb.39.3337;10.1364_josa.54.000628,,
ri-BaF2-2,ri,Refractive index of Barium fluoride as a function of wavelength,ضریب شکست BaF2 بر حسب طول موج,10.1063_1.555616;10.1063_1.89561;10.1103_physrev.127.1950;10.1103_physrev.157.709;10.1103_physrevb.39.3337;10.1364_josa.54.000628,,
ri-BaF2-3,ri,BaF2 refractive index measurement,اندازه‌گیری ضریب شکست BaF2,10.1063_1.555616;10.1063_1.89561;10.1103_physrev.127.1950;10.1103_physrev.157.709;10.1103_physrevb.39.3337;10.1364_josa.54.000628,,
ri-BaGa2GeSe6-1,ri,What is the dispersion formula (Sellmeier coefficients) for the refractive index of BaGa2GeSe6?,فرمول پاشندگی (ضرایب سلمایر) ضریب شکست BaGa2GeSe6 چیست؟,10.1364_ao.57.007440,,
ri-BaGa2GeSe6-2,ri,Refractive index of BaGa2GeSe6 as a function of wavelength,ضریب شکست BGGSe بر حسب طول موج,10.1364_ao.57.007440,,
ri-BaGa2GeSe6-3,ri,BGGSe refractive index measurement,اندازه‌گیری ضریب شکست BGGSe,10.1364_ao.57.007440,,
ri-BaGa4S7-1,ri,What is the dispersion formula (Sellmeier coefficients) for the refractive index of BaGa4S7?,فرمول پاشندگی (ضرایب سلمایر) ضریب شکست BaGa4S7 چیست؟,10.1002_pssr.201004425,,
ri-BaGa4S7-2,ri,Refractive index of Barium gallium sulfide as a function of wavelength,ضریب شکست BGS بر حسب طول موج,10.1002_pssr.201004425,,
ri-BaGa4S7-3,ri,BGS refractive index measurement,اندازه‌گیری ضریب شکست BGS,10.1002_pssr.201004425,,
ri-BaGa4Se7-1,ri,What is the dispersion formula (Sellmeier coefficients) for the refractive index of BaGa4Se7?,فرمول پاشندگی (ضرایب سلمایر) ضریب شکست BaGa4Se7 چیست؟,10.1002_pssr.201004425,,
ri-BaGa4Se7-2,ri,Refractive index of Barium gallium selenide as a function of wavelength,ضریب شکست BGSe بر حسب طول موج,10.1002_pssr.201004425,,
ri-BaGa4Se7-3,ri,BGSe refractive index measurement,اندازه‌گیری ضریب شکست BGSe,10.1002_pssr.201004425,,
ri-BaTiO3-1,ri,What is the dispersion formula (Sellmeier coefficients) for the refractive index of BaTiO3?,فرمول پاشندگی (ضرایب سلمایر) ضریب شکست BaTiO3 چیست؟,10.1016_0022_3697_68_90164_9;10.1063_1.1660761;10.1063_1.323822,,
ri-BaTiO3-2,ri,Refractive index of Barium titanate as a function of wavelength,ضریب شکست BaTiO3 بر حسب طول موج,10.1016_0022_3697_68_90164_9;10.1063_1.1660761;10.1063_1.323822,,
ri-BaTiO3-3,ri,BaTiO3 refractive index measurement,اندازه‌گیری ضریب شکست BaTiO3,10.1016_0022_3697_68_90164_9;10.1063_1.1660761;10.1063_1.323822,,
ri-BeAl2O4-1,ri,What is the dispersion formula (Sellmeier coefficients) for the refractive index of BeAl2O4?,فرمول پاشندگی (ضرایب سلمایر) ضریب شکست BeAl2O4 چیست؟,10.1103_physrevb.39.3337,,
ri-BeAl2O4-2,ri,Refractive index of Beryllium aluminate as a function of wavelength,ضریب شکست BeAl2O4 بر حسب طول موج,10.1103_physrevb.39.3337,,
ri-BeAl2O4-3,ri,BeAl2O4 refractive index measurement,اندازه‌گیری ضریب شکست BeAl2O4,10.1103_physrevb.39.3337,,
ri-Bi-1,ri,What is the dispersion formula (Sellmeier coefficients) for the refractive index of Bi?,فرمول پاشندگی (ضرایب سلمایر) ضریب شکست Bi چیست؟,10.1364_josa.65.000742,,
ri-Bi-2,ri,Refractive index of Bismuth as a function of wavelength,ضریب شکست Bi بر حسب طول موج,10.1364_josa.65.000742,,
ri-Bi-3,ri,Bi refractive index measurement,اندازه‌گیری ضریب شکست Bi,10.1364_josa.65.000742,,
ri-Bi4Ge3O12-1,ri,What is the dispersion formula (Sellmeier coefficients) for the refractive index of Bi4Ge3O12?,فرمول پاشندگی (ضرایب سلمایر) ضریب شکست Bi4Ge3O12 چیست؟,10.1364_ao.35.003562,,
ri-Bi4Ge3O12-2,ri,Refractive index of Bismuth germanate as a function of wavelength,ضریب شکست BGO بر حسب طول موج,10.1364_ao.35.003562,,
ri-Bi4Ge3O12-3,ri,BGO refractive index measurement,اندازه‌گیری ضریب شکست BGO,10.1364_ao.35.003562,,
ri-BiB3O6-1,ri,What is the dispersion formula (Sellmeier coefficients) for the refractive index of BiB3O6?,فرمول پاشندگی (ضرایب سلمایر) ضریب شکست BiB3O6 چیست؟,10.1016_j.optmat.2006.12.014;10.1016_j.optmat.2007.11.015,,
ri-BiB3O6-2,ri,Refractive index of Bismuth triborate as a function of wavelength,ضریب شکست BiBO بر حسب طول موج,10.1016_j.optmat.2006.12.014;10.1016_j.optmat.2007.11.015,,
ri-BiB3O6-3,ri,BiBO refractive index measurement,اندازه‌گیری ضریب شکست BiBO,10.1016_j.optmat.2006.12.014;10.1016_j.optmat.2007.11.015,,
ri-C-1,ri,What is the dispersion formula (Sellmeier coefficients) for the refractive index of C?,فرمول پاشندگی (ضرایب سلمایر) ضریب شکست C چیست؟,10.1063_1.3475393;10.1364_josa.65.000742,,
ri-C-2,ri,Refractive index of Carbon as a function of wavelength,ضریب شکست C بر حسب طول موج,10.1063_1.3475393;10.1364_josa.65.000742,,
ri-C-3,ri,C refractive index measurement,اندازه‌گیری ضریب شکست C,10.1063_1.3475393;10.1364_josa.65.000742,,
ri-CaCO3-1,ri,What is the dispersion formula (Sellmeier coefficients) for the refractive index of CaCO3?,فرمول پاشندگی (ضرایب سلمایر) ضریب شکست CaCO3 چیست؟,10.1016_s0030_4018_99_00091_7;10.1103_physrevb.39.3337,,
ri-CaCO3-2,ri,Refractive index of Calcium carbonate as a function of wavelength,ضریب شکست CaCO3 بر حسب طول موج,10.1016_s0030_4018_99_00091_7;10.1103_physrevb.39.3337,,
ri-CaCO3-3,ri,CaCO3 refractive index measurement,اندازه‌گیری ضریب شکست CaCO3,10.1016_s0030_4018_99_00091_7;10.1103_physrevb.39.3337,,
ri-CaF2-1,ri,What is the dispersion formula (Sellmeier coefficients) for the refractive index of CaF2?,فرمول پاشندگی (ضرایب سلمایر) ضریب شکست CaF2 چیست؟,10.1063_1.555616;10.1063_1.89561;10.1103_physrev.127.1950;10.1103_physrev.157.709;10.1103_physrevb.39.3337;10.1364_ao.2.001103;10.1364_ao.41.005275;10.1364_oe.579736,,
ri-CaF2-2,ri,Refractive index of Calcium fluoride as a function of wavelength,ضریب شکست CaF2 بر حسب طول موج,10.1063_1.555616;10.1063_1.89561;10.1103_physrev.127.1950;10.1103_physrev.157.709;10.1103_physrevb.39.3337;10.1364_ao.2.001103;10.1364_ao.41.005275;10.1364_oe.579736,,
ri-CaF2-3,ri,CaF2 refractive index measurement,اندازه‌گیری ضریب شکست CaF2,10.1063_1.555616;10.1063_1.89561;10.1103_physrev.127.1950;10.1103_physrev.157.709;10.1103_physrevb.39.3337;10.1364_ao.2.001103;10.1364_ao.41.005275;10.1364_oe.579736,,
ri-CaGdAlO4-1,ri,What is the dispersion formula (Sellmeier coefficients) for the refractive index of CaGdAlO4?,فرمول پاشندگی (ضرایب سلمایر) ضریب شکست CaGdAlO4 چیست؟,10.1364_ol.42.002275,,
ri-CaGdAlO4-2,ri,Refractive index of Calcium gadolinium aluminate as a function of wavelength,ضریب شکست CALGO بر حسب طول موج,10.1364_ol.42.002275,,
ri-CaGdAlO4-3,ri,CALGO refractive index measurement,اندازه‌گیری ضریب شکست CALGO,10.1364_ol.42.002275,,
ri-CaMoO4-1,ri,What is the dispersion formula (Sellmeier coefficients) for the refractive index of CaMoO4?,فرمول پاشندگی (ضرایب سلمایر) ضریب شکست CaMoO4 چیست؟,10.1063_1.1703106,,
ri-CaMoO4-2,ri,Refractive index of Calcium molybdate as a function of wavelength,ضریب شکست CaMoO4 بر حسب طول موج,10.1063_1.1703106,,
ri-CaMoO4-3,ri,CaMoO4 refractive index measurement,اندازه‌گیری ضریب شکست CaMoO4,10.1063_1.1703106,,
ri-CaO-1,ri,What is the dispersion formula (Sellmeier coefficients) for the refractive index of CaO?,فرمول پاشندگی (ضرایب سلمایر) ضریب شکست CaO چیست؟,10.1103_physrevb.39.3337,,
ri-CaO-2,ri,Refractive index of CaO as a function of wavelength,ضریب شکست CaO بر حسب طول موج,10.1103_physrevb.39.3337,,
ri-CaO-3,ri,CaO refractive index measurement,اندازه‌گیری ضریب شکست CaO,10.1103_physrevb.39.3337,,
ri-CaWO4-1,ri,What is the dispersion formula (Sellmeier coefficients) for the refractive index of CaWO4?,فرمول پاشندگی (ضرایب سلمایر) ضریب شکست CaWO4 چیست؟,10.1063_1.1703106;10.1103_physrevb.39.3337,,
ri-CaWO4-2,ri,Refractive index of Calcium tungstate as a function of wavelength,ضریب شکست CaWO4 بر حسب طول موج,10.1063_1.1703106;10.1103_physrevb.39.3337,,
ri-CaWO4-3,ri,CaWO4 refractive index measurement,اندازه‌گیری ضریب شکست CaWO4,10.1063_1.1703106;10.1103_physrevb.39.3337,,
ri-CaYAlO4-1,ri,What is the dispersion formula (Sellmeier coefficients) for the refractive index of CaYAlO4?,فرمول پاشندگی (ضرایب سلمایر) ضریب شکست CaYAlO4 چیست؟,10.1364_ol.42.002275,,
ri-CaYAlO4-2,ri,Refractive index of Calcium yttrium aluminate as a function of wavelength,ضریب شکست CALYO بر حسب طول موج,10.1364_ol.42.002275,,
ri-CaYAlO4-3,ri,CALYO refractive index measurement,اندازه‌گیری ضریب شکست CALYO,10.1364_ol.42.002275,,
ri-CdF2-1,ri,What is the dispersion formula (Sellmeier coefficients) for the refractive index of CdF2?,فرمول پاشندگی (ضرایب سلمایر) ضریب شکست CdF2 چیست؟,10.1063_1.89561;10.1103_physrev.157.709;10.1103_physrevb.39.3337,,
ri-CdF2-2,ri,Refractive index of Cadmium fluoride as a function of wavelength,ضریب شکست CdF2 بر حسب طول موج,10.1063_1.89561;10.1103_physrev.157.709;10.1103_physrevb.39.3337,,
ri-CdF2-3,ri,CdF2 refractive index measurement,اندازه‌گیری ضریب شکست CdF2,10.1063_1.89561;10.1103_physrev.157.709;10.1103_physrevb.39.3337,,
ri-CdGeAs2-1,ri,What is the dispersion formula (Sellmeier coefficients) for the refractive index of CdGeAs2?,فرمول پاشندگی (ضرایب سلمایر) ضریب شکست CdGeAs2 چیست؟,10.1109_jqe.1972.1076982,,
ri-CdGeAs2-2,ri,Refractive index of Cadmium germanium arsenide as a function of wavelength,ضریب شکست CdGeAs2 بر حسب طول موج,10.1109_jqe.1972.1076982,,
ri-CdGeAs2-3,ri,CdGeAs2 refractive index measurement,اندازه‌گیری ضریب شکست CdGeAs2,10.1109_jqe.1972.1076982,,
ri-CdGeP2-1,ri,What is the dispersion formula (Sellmeier coefficients) for the refractive index of CdGeP2?,فرمول پاشندگی (ضرایب سلمایر) ضریب شکست CdGeP2 چیست؟,10.1109_jqe.1972.1076982,,
ri-CdGeP2-2,ri,Refractive index of Cadmium germanium phosphide as a function of wavelength,ضریب شکست CdGeP2 بر حسب طول موج,10.1109_jqe.1972.1076982,,
ri-CdGeP2-3,ri,CdGeP2 refractive index measurement,اندازه‌گیری ضریب شکست CdGeP2,10.1109_jqe.1972.1076982,,
ri-CdS-1,ri,What is the dispersion formula (Sellmeier coefficients) for the refractive index of CdS?,فرمول پاشندگی (ضرایب سلمایر) ضریب شکست CdS چیست؟,10.1063_1.360355;10.1103_physrevb.39.3337;10.1364_josa.53.000496,,
ri-CdS-2,ri,Refractive index of Cadmium sulfide as a function of wavelength,ضریب شکست CdS بر حسب طول موج,10.1063_1.360355;10.1103_physrevb.39.3337;10.1364_josa.53.000496,,
ri-CdS-3,ri,CdS refractive index measurement,اندازه‌گیری ضریب شکست CdS,10.1063_1.360355;10.1103_physrevb.39.3337;10.1364_josa.53.000496,,
ri-CdSe-1,ri,What is the dispersion formula (Sellmeier coefficients) for the refractive index of CdSe?,فرمول پاشندگی (ضرایب سلمایر) ضریب شکست CdSe چیست؟,10.1002_pssb.19690310146;10.1063_1.1703106;10.1063_1.359815,,
ri-CdSe-2,ri,Refractive index of Cadmium selenide as a function of wavelength,ضریب شکست CdSe بر حسب طول موج,10.1002_pssb.19690310146;10.1063_1.1703106;10.1063_1.359815,,
ri-CdSe-3,ri,CdSe refractive index measurement,اندازه‌گیری ضریب شکست CdSe,10.1002_pssb.19690310146;10.1063_1.1703106;10.1063_1.359815,,
ri-CdTe-1,ri,What is the dispersion formula (Sellmeier coefficients) for the refractive index of CdTe?,فرمول پاشندگی (ضرایب سلمایر) ضریب شکست CdTe چیست؟,10.1063_1.1713411;10.1063_1.2151256,,
ri-CdTe-2,ri,Refractive index of Cadmium telluride as a function of wavelength,ضریب شکست CdTe بر حسب طول موج,10.1063_1.1713411;10.1063_1.2151256,,
ri-CdTe-3,ri,CdTe refractive index measurement,اندازه‌گیری ضریب شکست CdTe,10.1063_1.1713411;10.1063_1.2151256,,
ri-CeF3-1,ri,What is the dispersion formula (Sellmeier coefficients) for the refractive index of CeF3?,فرمول پاشندگی (ضرایب سلمایر) ضریب شکست CeF3 چیست؟,10.1063_1.89561;10.1103_physrevb.39.3337,,
ri-CeF3-2,ri,Refractive index of Cerium trifluoride as a function of wavelength,ضریب شکست CeF3 بر حسب طول موج,10.1063_1.89561;10.1103_physrevb.39.3337,,
ri-CeF3-3,ri,CeF3 refractive index measurement,اندازه‌گیری ضریب شکست CeF3,10.1063_1.89561;10.1103_physrevb.39.3337,,
ri-CsBr-1,ri,What is the dispersion formula (Sellmeier coefficients) for the refractive index of CsBr?,فرمول پاشندگی (ضرایب سلمایر) ضریب شکست CsBr چیست؟,10.1063_1.555536,,
ri-CsBr-2,ri,Refractive index of Cesium bromide as a function of wavelength,ضریب شکست CsBr بر حسب طول موج,10.1063_1.555536,,
ri-CsBr-3,ri,CsBr refractive index measurement,اندازه‌گیری ضریب شکست CsBr,10.1063_1.555536,,
ri-CsCl-1,ri,What is the dispersion formula (Sellmeier coefficients) for the refractive index of CsCl?,فرمول پاشندگی (ضرایب سلمایر) ضریب شکست CsCl چیست؟,10.1063_1.555536,,
ri-CsCl-2,ri,Refractive index of Cesium chloride as a function of wavelength,ضریب شکست CsCl بر حسب طول موج,10.1063_1.555536,,
ri-CsCl-3,ri,CsCl refractive index measurement,اندازه‌گیری ضریب شکست CsCl,10.1063_1.555536,,
ri-CsF-1,ri,What is the dispersion formula (Sellmeier coefficients) for the refractive index of CsF?,فرمول پاشندگی (ضرایب سلمایر) ضریب شکست CsF چیست؟,10.1063_1.555536,,
ri-CsF-2,ri,Refractive index of Cesium fluoride as a function of wavelength,ضریب شکست CsF بر حسب طول موج,10.1063_1.555536,,
ri-CsF-3,ri,CsF refractive index measurement,اندازه‌گیری ضریب شکست CsF,10.1063_1.555536,,
ri-CsI-1,ri,What is the dispersion formula (Sellmeier coefficients) for the refractive index of CsI?,فرمول پاشندگی (ضرایب سلمایر) ضریب شکست CsI چیست؟,10.1063_1.555536,,
ri-CsI-2,ri,Refractive index of Cesium iodide as a function of wavelength,ضریب شکست CsI بر حسب طول موج,10.1063_1.555536,,
ri-CsI-3,ri,CsI refractive index measurement,اندازه‌گیری ضریب شکست CsI,10.1063_1.555536,,
ri-CsLiB6O10-1,ri,What is the dispersion formula (Sellmeier coefficients) for the refractive index of CsLiB6O10?,فرمول پاشندگی (ضرایب سلمایر) ضریب شکست CsLiB6O10 چیست؟,10.1016_s0925_3467_02_00316_6,,
ri-CsLiB6O10-2,ri,Refractive index of Cesium lithium borate as a function of wavelength,ضریب شکست CLBO بر حسب طول موج,10.1016_s0925_3467_02_00316_6,,
ri-CsLiB6O10-3,ri,CLBO refractive index measurement,اندازه‌گیری ضریب شکست CLBO,10.1016_s0925_3467_02_00316_6,,
ri-Cu-1,ri,What is the dispersion formula (Sellmeier coefficients) for the refractive index of Cu?,فرمول پاشندگی (ضرایب سلمایر) ضریب شکست Cu چیست؟,10.1364_josa.65.000742,,
ri-Cu-2,ri,Refractive index of Copper as a function of wavelength,ضریب شکست Cu بر حسب طول موج,10.1364_josa.65.000742,,
ri-Cu-3,ri,Cu refractive index measurement,اندازه‌گیری ضریب شکست Cu,10.1364_josa.65.000742,,
ri-CuGaS2-1,ri,What is the dispersion formula (Sellmeier coefficients) for the refractive index of CuGaS2?,فرمول پاشندگی (ضرایب سلمایر) ضریب شکست CuGaS2 چیست؟,10.1109_jqe.1971.1076588,,
ri-CuGaS2-2,ri,Refractive index of Copper gallium sulfide as a function of wavelength,ضریب شکست CuGaS2 بر حسب طول موج,10.1109_jqe.1971.1076588,,
ri-CuGaS2-3,ri,CuGaS2 refractive index measurement,اندازه‌گیری ضریب شکست CuGaS2,10.1109_jqe.1971.1076588,,
ri-Dy2O3-1,ri,What is the dispersion formula (Sellmeier coefficients) for the refractive index of Dy2O3?,فرمول پاشندگی (ضرایب سلمایر) ضریب شکست Dy2O3 چیست؟,10.1088_1464_4258_3_3_303,,
ri-Dy2O3-2,ri,Refractive index of Dysprosium sesquioxide as a function of wavelength,ضریب شکست Dy2O3 بر حسب طول موج,10.1088_1464_4258_3_3_303,,
ri-Dy2O3-3,ri,Dy2O3 refractive index measurement,اندازه‌گیری ضریب شکست Dy2O3,10.1088_1464_4258_3_3_303,,
ri-Er2O3-1,ri,What is the dispersion formula (Sellmeier coefficients) for the refractive index of Er2O3?,فرمول پاشندگی (ضرایب سلمایر) ضریب شکست Er2O3 چیست؟,10.1103_physrevb.39.3337,,
ri-Er2O3-2,ri,Refractive index of Er2O3 as a function of wavelength,ضریب شکست Er2O3 بر حسب طول موج,10.1103_physrevb.39.3337,,
ri-Er2O3-3,ri,Er2O3 refractive index measurement,اندازه‌گیری ضریب شکست Er2O3,10.1103_physrevb.39.3337,,
ri-Ga2O3-1,ri,What is the dispersion formula (Sellmeier coefficients) for the refractive index of Ga2O3?,فرمول پاشندگی (ضرایب سلمایر) ضریب شکست Ga2O3 چیست؟,10.1103_physrevb.39.3337,,
ri-Ga2O3-2,ri,Refractive index of Ga2O3 as a function of wavelength,ضریب شکست Ga2O3 بر حسب طول موج,10.1103_physrevb.39.3337,,
ri-Ga2O3-3,ri,Ga2O3 refractive index measurement,اندازه‌گیری ضریب شکست Ga2O3,10.1103_physrevb.39.3337,,
ri-GaAs-1,ri,What is the dispersion formula (Sellmeier coefficients) for the refractive index of GaAs?,فرمول پاشندگی (ضرایب سلمایر) ضریب شکست GaAs چیست؟,10.1016_0925_3467_92_90022_f;10.1063_1.1621740;10.1063_1.2151256;10.1063_1.323292;10.1063_1.337426;10.1063_1.343580;10.1063_1.359966;10.1063_1.363586;10.1063_5.0314388;10.1103_physrevresearch.5.033048;10.1364_ol.32.000668,,
ri-GaAs-2,ri,Refractive index of Gallium arsenide as a function of wavelength,ضریب شکست GaAs بر حسب طول موج,10.1016_0925_3467_92_90022_f;10.1063_1.1621740;10.1063_1.2151256;10.1063_1.323292;10.1063_1.337426;10.1063_1.343580;10.1063_1.359966;10.1063_1.363586;10.1063_5.0314388;10.1103_physrevresearch.5.033048;10.1364_ol.32.000668,,
ri-GaAs-3,ri,GaAs refractive index measurement,اندازه‌گیری ضریب شکست GaAs,10.1016_0925_3467_92_90022_f;10.1063_1.1621740;10.1063_1.2151256;10.1063_1.323292;10.1063_1.337426;10.1063_1.343580;10.1063_1.359966;10.1063_1.363586;10.1063_5.0314388;10.1103_physrevresearch.5.033048;10.1364_ol.32.000668,,
ri-GaN-1,ri,What is the dispersion formula (Sellmeier coefficients) for the refractive index of GaN?,فرمول پاشندگی (ضرایب سلمایر) ضریب شکست GaN چیست؟,10.1049_el_19931172;10.1063_1.365671;10.1103_physrevb.7.743,,
ri-GaN-2,ri,Refractive index of Gallium nitride as a function of wavelength,ضریب شکست GaN بر حسب طول موج,10.1049_el_19931172;10.1063_1.365671;10.1103_physrevb.7.743,,
ri-GaN-3,ri,GaN refractive index measurement,اندازه‌گیری ضریب شکست GaN,10.1049_el_19931172;10.1063_1.365671;10.1103_physrevb.7.743,,
ri-GaP-1,ri,What is the dispersion formula (Sellmeier coefficients) for the refractive index of GaP?,فرمول پاشندگی (ضرایب سلمایر) ضریب شکست GaP چیست؟,10.1016_0925_3467_92_90022_f;10.1063_1.1703106;10.1063_1.343580;10.1103_physrevb.27.985;10.1364_ao.10.1683_1,,
ri-GaP-2,ri,Refractive index of Gallium phosphide as a function of wavelength,ضریب شکست GaP بر حسب طول موج,10.1016_0925_3467_92_90022_f;10.1063_1.1703106;10.1063_1.343580;10.1103_physrevb.27.985;10.1364_ao.10.1683_1,,
ri-GaP-3,ri,GaP refractive index measurement,اندازه‌گیری ضریب شکست GaP,10.1016_0925_3467_92_90022_f;10.1063_1.1703106;10.1063_1.343580;10.1103_physrevb.27.985;10.1364_ao.10.1683_1,,
ri-GaS-1,ri,What is the dispersion formula (Sellmeier coefficients) for the refractive index of GaS?,فرمول پاشندگی (ضرایب سلمایر) ضریب شکست GaS چیست؟,10.1364_ol.36.000746,,
ri-GaS-2,ri,Refractive index of Gallium sulfide as a function of wavelength,ضریب شکست GaS بر حسب طول موج,10.1364_ol.36.000746,,
ri-GaS-3,ri,GaS refractive index measurement,اندازه‌گیری ضریب شکست GaS,10.1364_ol.36.000746,,
ri-GaSb-1,ri,What is the dispersion formula (Sellmeier coefficients) for the refractive index of GaSb?,فرمول پاشندگی (ضرایب سلمایر) ضریب شکست GaSb چیست؟,10.1063_1.343580;10.1103_physrevb.27.985,,
ri-GaSb-2,ri,Refractive index of Gallium antimonide as a function of wavelength,ضریب شکست GaSb بر حسب طول موج,10.1063_1.343580;10.1103_physrevb.27.985,,
ri-GaSb-3,ri,GaSb refractive index measurement,اندازه‌گیری ضریب شکست GaSb,10.1063_1.343580;10.1103_physrevb.27.985,,
ri-GaSe-1,ri,What is the dispersion formula (Sellmeier coefficients) for the refractive index of GaSe?,فرمول پاشندگی (ضرایب سلمایر) ضریب شکست GaSe چیست؟,10.1364_ao.52.002325;10.1364_josab.26.000a58,,
ri-GaSe-2,ri,Refractive index of Gallium selenide as a function of wavelength,ضریب شکست GaSe بر حسب طول موج,10.1364_ao.52.002325;10.1364_josab.26.000a58,,
ri-GaSe-3,ri,GaSe refractive index measurement,اندازه‌گیری ضریب شکست GaSe,10.1364_ao.52.002325;10.1364_josab.26.000a58,,
ri-Gd3Ga5O12-1,ri,What is the dispersion formula (Sellmeier coefficients) for the refractive index of Gd3Ga5O12?,فرمول پاشندگی (ضرایب سلمایر) ضریب شکست Gd3Ga5O12 چیست؟,10.1103_physrevb.39.3337,,
ri-Gd3Ga5O12-2,ri,Refractive index of Gd3Ga5O12 as a function of wavelength,ضریب شکست Gd3Ga5O12 بر حسب طول موج,10.1103_physrevb.39.3337,,
ri-Gd3Ga5O12-3,ri,Gd3Ga5O12 refractive index measurement,اندازه‌گیری ضریب شکست Gd3Ga5O12,10.1103_physrevb.39.3337,,
ri-Gd3Sc2Al3O12-1,ri,What is the dispersion formula (Sellmeier coefficients) for the refractive index of Gd3Sc2Al3O12?,فرمول پاشندگی (ضرایب سلمایر) ضریب شکست Gd3Sc2Al3O12 چیست؟,10.1103_physrevb.39.3337,,
ri-Gd3Sc2Al3O12-2,ri,Refractive index of Gd3Sc2Al3O12 as a function of wavelength,ضریب شکست Gd3Sc2Al3O12 بر حسب طول موج,10.1103_physrevb.39.3337,,
ri-Gd3Sc2Al3O12-3,ri,Gd3Sc2Al3O12 refractive index measurement,اندازه‌گیری ضریب شکست Gd3Sc2Al3O12,10.1103_physrevb.39.3337,,
ri-Gd3Sc2Ga3O12-1,ri,What is the dispersion formula (Sellmeier coefficients) for the refractive index of Gd3Sc2Ga3O12?,فرمول پاشندگی (ضرایب سلمایر) ضریب شکست Gd3Sc2Ga3O12 چیست؟,10.1103_physrevb.39.3337,,
ri-Gd3Sc2Ga3O12-2,ri,Refractive index of Gd3Sc2Ga3O12 as a function of wavelength,ضریب شکست Gd3Sc2Ga3O12 بر حسب طول موج,10.1103_physrevb.39.3337,,
ri-Gd3Sc2Ga3O12-3,ri,Gd3Sc2Ga3O12 refractive index measurement,اندازه‌گیری ضریب شکست Gd3Sc2Ga3O12,10.1103_physrevb.39.3337,,
ri-Ge-1,ri,What is the dispersion formula (Sellmeier coefficients) for the refractive index of Ge?,فرمول پاشندگی (ضرایب سلمایر) ضریب شکست Ge چیست؟,10.1016_0925_3467_92_90022_f;10.1016_j.mssp.2018.03.003;10.1063_1.555624;10.1103_physrevb.27.985;10.1116_1.4963075;10.1117_12.2237978;10.1364_ao.15.002348,,
ri-Ge-2,ri,Refractive index of Germanium as a function of wavelength,ضریب شکست Ge بر حسب طول موج,10.1016_0925_3467_92_90022_f;10.1016_j.mssp.2018.03.003;10.1063_1.555624;10.1103_physrevb.27.985;10.1116_1.4963075;10.1117_12.2237978;10.1364_ao.15.002348,,
ri-Ge-3,ri,Ge refractive index measurement,اندازه‌گیری ضریب شکست Ge,10.1016_0925_3467_92_90022_f;10.1016_j.mssp.2018.03.003;10.1063_1.555624;10.1103_physrevb.27.985;10.1116_1.4963075;10.1117_12.2237978;10.1364_ao.15.002348,,
ri-GeO2-1,ri,What is the dispersion formula (Sellmeier coefficients) for the refractive index of GeO2?,فرمول پاشندگی (ضرایب سلمایر) ضریب شکست GeO2 چیست؟,10.1116_1.4963075;10.1364_ao.23.004486,,
ri-GeO2-2,ri,Refractive index of Germanium dioxide as a function of wavelength,ضریب شکست GeO2 بر حسب طول موج,10.1116_1.4963075;10.1364_ao.23.004486,,
ri-GeO2-3,ri,GeO2 refractive index measurement,اندازه‌گیری ضریب شکست GeO2,10.1116_1.4963075;10.1364_ao.23.004486,,
ri-HgGa2S4-1,ri,What is the dispersion formula (Sellmeier coefficients) for the refractive index of HgGa2S4?,فرمول پاشندگی (ضرایب سلمایر) ضریب شکست HgGa2S4 چیست؟,10.1364_ao.55.003145,,
ri-HgGa2S4-2,ri,Refractive index of Mercury gallium sulfide as a function of wavelength,ضریب شکست HgGa2S4 بر حسب طول موج,10.1364_ao.55.003145,,
ri-HgGa2S4-3,ri,HgGa2S4 refractive index measurement,اندازه‌گیری ضریب شکست HgGa2S4,10.1364_ao.55.003145,,
ri-InAs-1,ri,What is the dispersion formula (Sellmeier coefficients) for the refractive index of InAs?,فرمول پاشندگی (ضرایب سلمایر) ضریب شکست InAs چیست؟,10.1063_1.343580;10.1103_physrevb.27.985,,
ri-InAs-2,ri,Refractive index of Indium arsenide as a function of wavelength,ضریب شکست InAs بر حسب طول موج,10.1063_1.343580;10.1103_physrevb.27.985,,
ri-InAs-3,ri,InAs refractive index measurement,اندازه‌گیری ضریب شکست InAs,10.1063_1.343580;10.1103_physrevb.27.985,,
ri-InP-1,ri,What is the dispersion formula (Sellmeier coefficients) for the refractive index of InP?,فرمول پاشندگی (ضرایب سلمایر) ضریب شکست InP چیست؟,10.1063_1.343580;10.1103_physrevb.27.985,,
ri-InP-2,ri,Refractive index of Indium phosphide as a function of wavelength,ضریب شکست InP بر حسب طول موج,10.1063_1.343580;10.1103_physrevb.27.985,,
ri-InP-3,ri,InP refractive index measurement,اندازه‌گیری ضریب شکست InP,10.1063_1.343580;10.1103_physrevb.27.985,,
ri-InSb-1,ri,What is the dispersion formula (Sellmeier coefficients) for the refractive index of InSb?,فرمول پاشندگی (ضرایب سلمایر) ضریب شکست InSb چیست؟,10.1063_1.343580;10.1103_physrevb.27.985,,
ri-InSb-2,ri,Refractive index of Indium antimonide as a function of wavelength,ضریب شکست InSb بر حسب طول موج,10.1063_1.343580;10.1103_physrevb.27.985,,
ri-InSb-3,ri,InSb refractive index measurement,اندازه‌گیری ضریب شکست InSb,10.1063_1.343580;10.1103_physrevb.27.985,,
ri-KBr-1,ri,What is the dispersion formula (Sellmeier coefficients) for the refractive index of KBr?,فرمول پاشندگی (ضرایب سلمایر) ضریب شکست KBr چیست؟,10.1063_1.555536;10.1103_physrevb.39.3337;10.1364_oe.579736,,
ri-KBr-2,ri,Refractive index of Potassium bromide as a function of wavelength,ضریب شکست KBr بر حسب طول موج,10.1063_1.555536;10.1103_physrevb.39.3337;10.1364_oe.579736,,
ri-KBr-3,ri,KBr refractive index measurement,اندازه‌گیری ضریب شکست KBr,10.1063_1.555536;10.1103_physrevb.39.3337;10.1364_oe.579736,,
ri-KCl-1,ri,What is the dispersion formula (Sellmeier coefficients) for the refractive index of KCl?,فرمول پاشندگی (ضرایب سلمایر) ضریب شکست KCl چیست؟,10.1063_1.555536;10.1103_physrevb.39.3337,,
ri-KCl-2,ri,Refractive index of Potassium chloride as a function of wavelength,ضریب شکست KCl بر حسب طول موج,10.1063_1.555536;10.1103_physrevb.39.3337,,
ri-KCl-3,ri,KCl refractive index measurement,اندازه‌گیری ضریب شکست KCl,10.1063_1.555536;10.1103_physrevb.39.3337,,
ri-KF-1,ri,What is the dispersion formula (Sellmeier coefficients) for the refractive index of KF?,فرمول پاشندگی (ضرایب سلمایر) ضریب شکست KF چیست؟,10.1063_1.555536;10.1103_physrevb.39.3337,,
ri-KF-2,ri,Refractive index of Potassium fluoride as a function of wavelength,ضریب شکست KF بر حسب طول موج,10.1063_1.555536;10.1103_physrevb.39.3337,,
ri-KF-3,ri,KF refractive index measurement,اندازه‌گیری ضریب شکست KF,10.1063_1.555536;10.1103_physrevb.39.3337,,
ri-KH2PO4-1,ri,What is the dispersion formula (Sellmeier coefficients) for the refractive index of KH2PO4?,فرمول پاشندگی (ضرایب سلمایر) ضریب شکست KH2PO4 چیست؟,10.1103_physrevb.39.3337;10.1364_josa.54.001215,,
ri-KH2PO4-2,ri,Refractive index of Potassium dihydrogen phosphate as a function of wavelength,ضریب شکست KDP بر حسب طول موج,10.1103_physrevb.39.3337;10.1364_josa.54.001215,,
ri-KH2PO4-3,ri,KDP refractive index measurement,اندازه‌گیری ضریب شکست KDP,10.1103_physrevb.39.3337;10.1364_josa.54.001215,,
ri-KI-1,ri,What is the dispersion formula (Sellmeier coefficients) for the refractive index of KI?,فرمول پاشندگی (ضرایب سلمایر) ضریب شکست KI چیست؟,10.1063_1.555536,,
ri-KI-2,ri,Refractive index of Potassium iodide as a function of wavelength,ضریب شکست KI بر حسب طول موج,10.1063_1.555536,,
ri-KI-3,ri,KI refractive index measurement,اندازه‌گیری ضریب شکست KI,10.1063_1.555536,,
ri-KNbO3-1,ri,What is the dispersion formula (Sellmeier coefficients) for the refractive index of KNbO3?,فرمول پاشندگی (ضرایب سلمایر) ضریب شکست KNbO3 چیست؟,10.1364_ao.38.000991;10.1364_josab.9.000380,,
ri-KNbO3-2,ri,Refractive index of Potassium niobate as a function of wavelength,ضریب شکست KNbO3 بر حسب طول موج,10.1364_ao.38.000991;10.1364_josab.9.000380,,
ri-KNbO3-3,ri,KNbO3 refractive index measurement,اندازه‌گیری ضریب شکست KNbO3,10.1364_ao.38.000991;10.1364_josab.9.000380,,
ri-KTaO3-1,ri,What is the dispersion formula (Sellmeier coefficients) for the refractive index of KTaO3?,فرمول پاشندگی (ضرایب سلمایر) ضریب شکست KTaO3 چیست؟,10.1103_physrevb.39.3337,,
ri-KTaO3-2,ri,Refractive index of Potassium tantalate as a function of wavelength,ضریب شکست KTaO3 بر حسب طول موج,10.1103_physrevb.39.3337,,
ri-KTaO3-3,ri,KTaO3 refractive index measurement,اندازه‌گیری ضریب شکست KTaO3,10.1103_physrevb.39.3337,,
ri-KTiOPO4-1,ri,What is the dispersion formula (Sellmeier coefficients) for the refractive index of KTiOPO4?,فرمول پاشندگی (ضرایب سلمایر) ضریب شکست KTiOPO4 چیست؟,10.1364_ao.41.005040,,
ri-KTiOPO4-2,ri,Refractive index of Potassium titanyl phosphate as a function of wavelength,ضریب شکست KTP بر حسب طول موج,10.1364_ao.41.005040,,
ri-KTiOPO4-3,ri,KTP refractive index measurement,اندازه‌گیری ضریب شکست KTP,10.1364_ao.41.005040,,
ri-La3Lu2Ga3O12-1,ri,What is the dispersion formula (Sellmeier coefficients) for the refractive index of La3Lu2Ga3O12?,فرمول پاشندگی (ضرایب سلمایر) ضریب شکست La3Lu2Ga3O12 چیست؟,10.1103_physrevb.39.3337,,
ri-La3Lu2Ga3O12-2,ri,Refractive index of La3Lu2Ga3O12 as a function of wavelength,ضریب شکست La3Lu2Ga3O12 بر حسب طول موج,10.1103_physrevb.39.3337,,
ri-La3Lu2Ga3O12-3,ri,La3Lu2Ga3O12 refractive index measurement,اندازه‌گیری ضریب شکست La3Lu2Ga3O12,10.1103_physrevb.39.3337,,
ri-LaF3-1,ri,What is the dispersion formula (Sellmeier coefficients) for the refractive index of LaF3?,فرمول پاشندگی (ضرایب سلمایر) ضریب شکست LaF3 چیست؟,10.1063_1.89561;10.1103_physrevb.39.3337,,
ri-LaF3-2,ri,Refractive index of Lanthanum fluoride as a function of wavelength,ضریب شکست LaF3 بر حسب طول موج,10.1063_1.89561;10.1103_physrevb.39.3337,,
ri-LaF3-3,ri,LaF3 refractive index measurement,اندازه‌گیری ضریب شکست LaF3,10.1063_1.89561;10.1103_physrevb.39.3337,,
ri-LiB3O5-1,ri,What is the dispersion formula (Sellmeier coefficients) for the refractive index of LiB3O5?,فرمول پاشندگی (ضرایب سلمایر) ضریب شکست LiB3O5 چیست؟,10.1364_josab.6.000616,,
ri-LiB3O5-2,ri,Refractive index of Lithium triborate as a function of wavelength,ضریب شکست LBO بر حسب طول موج,10.1364_josab.6.000616,,
ri-LiB3O5-3,ri,LBO refractive index measurement,اندازه‌گیری ضریب شکست LBO,10.1364_josab.6.000616,,
ri-LiBr-1,ri,What is the dispersion formula (Sellmeier coefficients) for the refractive index of LiBr?,فرمول پاشندگی (ضرایب سلمایر) ضریب شکست LiBr چیست؟,10.1063_1.555536,,
ri-LiBr-2,ri,Refractive index of Lithium bromide as a function of wavelength,ضریب شکست LiBr بر حسب طول موج,10.1063_1.555536,,
ri-LiBr-3,ri,LiBr refractive index measurement,اندازه‌گیری ضریب شکست LiBr,10.1063_1.555536,,
ri-LiCl-1,ri,What is the dispersion formula (Sellmeier coefficients) for the refractive index of LiCl?,فرمول پاشندگی (ضرایب سلمایر) ضریب شکست LiCl چیست؟,10.1063_1.555536,,
ri-LiCl-2,ri,Refractive index of Lithium chloride as a function of wavelength,ضریب شکست LiCl بر حسب طول موج,10.1063_1.555536,,
ri-LiCl-3,ri,LiCl refractive index measurement,اندازه‌گیری ضریب شکست LiCl,10.1063_1.555536,,
ri-LiF-1,ri,What is the dispersion formula (Sellmeier coefficients) for the refractive index of LiF?,فرمول پاشندگی (ضرایب سلمایر) ضریب شکست LiF چیست؟,10.1063_1.555536;10.1063_1.89561;10.1103_physrevb.39.3337,,
ri-LiF-2,ri,Refractive index of Lithium fluoride as a function of wavelength,ضریب شکست LiF بر حسب طول موج,10.1063_1.555536;10.1063_1.89561;10.1103_physrevb.39.3337,,
ri-LiF-3,ri,LiF refractive index measurement,اندازه‌گیری ضریب شکست LiF,10.1063_1.555536;10.1063_1.89561;10.1103_physrevb.39.3337,,
ri-LiI-1,ri,What is the dispersion formula (Sellmeier coefficients) for the refractive index of LiI?,فرمول پاشندگی (ضرایب سلمایر) ضریب شکست LiI چیست؟,10.1063_1.555536,,
ri-LiI-2,ri,Refractive index of Lithium iodide as a function of wavelength,ضریب شکست LiI بر حسب طول موج,10.1063_1.555536,,
ri-LiI-3,ri,LiI refractive index measurement,اندازه‌گیری ضریب شکست LiI,10.1063_1.555536,,
ri-LiIO3-1,ri,What is the dispersion formula (Sellmeier coefficients) for the refractive index of LiIO3?,فرمول پاشندگی (ضرایب سلمایر) ضریب شکست LiIO3 چیست؟,10.1016_0030_4018_71_90013_7;10.1103_physrevb.14.1693,,
ri-LiIO3-2,ri,Refractive index of Lithium iodate as a function of wavelength,ضریب شکست LiIO3 بر حسب طول موج,10.1016_0030_4018_71_90013_7;10.1103_physrevb.14.1693,,
ri-LiIO3-3,ri,LiIO3 refractive index measurement,اندازه‌گیری ضریب شکست LiIO3,10.1016_0030_4018_71_90013_7;10.1103_physrevb.14.1693,,
ri-LiNbO3-1,ri,What is the dispersion formula (Sellmeier coefficients) for the refractive index of LiNbO3?,فرمول پاشندگی (ضرایب سلمایر) ضریب شکست LiNbO3 چیست؟,10.1364_josab.14.003319,,
ri-LiNbO3-2,ri,Refractive index of Lithium niobate as a function of wavelength,ضریب شکست LiNbO3 بر حسب طول موج,10.1364_josab.14.003319,,
ri-LiNbO3-3,ri,LiNbO3 refractive index measurement,اندازه‌گیری ضریب شکست LiNbO3,10.1364_josab.14.003319,,
ri-LiTaO3-1,ri,What is the dispersion formula (Sellmeier coefficients) for the refractive index of LiTaO3?,فرمول پاشندگی (ضرایب سلمایر) ضریب شکست LiTaO3 چیست؟,10.1063_1.1703106,,
ri-LiTaO3-2,ri,Refractive index of Lithium tantalate as a function of wavelength,ضریب شکست LiTaO3 بر حسب طول موج,10.1063_1.1703106,,
ri-LiTaO3-3,ri,LiTaO3 refractive index measurement,اندازه‌گیری ضریب شکست LiTaO3,10.1063_1.1703106,,
ri-Lu2O3-1,ri,What is the dispersion formula (Sellmeier coefficients) for the refractive index of Lu2O3?,فرمول پاشندگی (ضرایب سلمایر) ضریب شکست Lu2O3 چیست؟,10.1088_1464_4258_3_3_303,,
ri-Lu2O3-2,ri,Refractive index of Lutetium sesquioxide as a function of wavelength,ضریب شکست Lu2O3 بر حسب طول موج,10.1088_1464_4258_3_3_303,,
ri-Lu2O3-3,ri,Lu2O3 refractive index measurement,اندازه‌گیری ضریب شکست Lu2O3,10.1088_1464_4258_3_3_303,,
ri-Mg-1,ri,What is the dispersion formula (Sellmeier coefficients) for the refractive index of Mg?,فرمول پاشندگی (ضرایب سلمایر) ضریب شکست Mg چیست؟,10.1021_acsphotonics.8b01243;10.1364_josa.65.000742,,
ri-Mg-2,ri,Refractive index of Magnesium as a function of wavelength,ضریب شکست Mg بر حسب طول موج,10.1021_acsphotonics.8b01243;10.1364_josa.65.000742,,
ri-Mg-3,ri,Mg refractive index measurement,اندازه‌گیری ضریب شکست Mg,10.1021_acsphotonics.8b01243;10.1364_josa.65.000742,,
ri-MgAl2O4-1,ri,What is the dispersion formula (Sellmeier coefficients) for the refractive index of MgAl2O4?,فرمول پاشندگی (ضرایب سلمایر) ضریب شکست MgAl2O4 چیست؟,10.1103_physrevb.39.3337;10.1364_ao.54.00f123,,
ri-MgAl2O4-2,ri,Refractive index of Magnesium aluminate as a function of wavelength,ضریب شکست MgAl2O4 بر حسب طول موج,10.1103_physrevb.39.3337;10.1364_ao.54.00f123,,
ri-MgAl2O4-3,ri,MgAl2O4 refractive index measurement,اندازه‌گیری ضریب شکست MgAl2O4,10.1103_physrevb.39.3337;10.1364_ao.54.00f123,,
ri-MgF2-1,ri,What is the dispersion formula (Sellmeier coefficients) for the refractive index of MgF2?,فرمول پاشندگی (ضرایب سلمایر) ضریب شکست MgF2 چیست؟,10.1016_j.apsusc.2016.09.149;10.1063_1.555616;10.1063_1.89561;10.1103_physrevb.39.3337;10.1364_ao.23.001980,,
ri-MgF2-2,ri,Refractive index of Magnesium fluoride as a function of wavelength,ضریب شکست MgF2 بر حسب طول موج,10.1016_j.apsusc.2016.09.149;10.1063_1.555616;10.1063_1.89561;10.1103_physrevb.39.3337;10.1364_ao.23.001980,,
ri-MgF2-3,ri,MgF2 refractive index measurement,اندازه‌گیری ضریب شکست MgF2,10.1016_j.apsusc.2016.09.149;10.1063_1.555616;10.1063_1.89561;10.1103_physrevb.39.3337;10.1364_ao.23.001980,,
ri-MgH2-1,ri,What is the dispersion formula (Sellmeier coefficients) for the refractive index of MgH2?,فرمول پاشندگی (ضرایب سلمایر) ضریب شکست MgH2 چیست؟,10.1021_acsphotonics.8b01243,,
ri-MgH2-2,ri,Refractive index of Magnesium hydride as a function of wavelength,ضریب شکست MgH2 بر حسب طول موج,10.1021_acsphotonics.8b01243,,
ri-MgH2-3,ri,MgH2 refractive index measurement,اندازه‌گیری ضریب شکست MgH2,10.1021_acsphotonics.8b01243,,
ri-MgO-1,ri,What is the dispersion formula (Sellmeier coefficients) for the refractive index of MgO?,فرمول پاشندگی (ضرایب سلمایر) ضریب شکست MgO چیست؟,10.1103_physrevb.39.3337,,
ri-MgO-2,ri,Refractive index of Magnesium monoxide as a function of wavelength,ضریب شکست MgO بر حسب طول موج,10.1103_physrevb.39.3337,,
ri-MgO-3,ri,MgO refractive index measurement,اندازه‌گیری ضریب شکست MgO,10.1103_physrevb.39.3337,,
ri-MoS2-1,ri,What is the dispersion formula (Sellmeier coefficients) for the refractive index of MoS2?,فرمول پاشندگی (ضرایب سلمایر) ضریب شکست MoS2 چیست؟,10.1002_adom.201900239;10.1038_srep08440,,
ri-MoS2-2,ri,Refractive index of Molybdenum disulfide as a function of wavelength,ضریب شکست MoS2 بر حسب طول موج,10.1002_adom.201900239;10.1038_srep08440,,
ri-MoS2-3,ri,MoS2 refractive index measurement,اندازه‌گیری ضریب شکست MoS2,10.1002_adom.201900239;10.1038_srep08440,,
ri-MoSe2-1,ri,What is the dispersion formula (Sellmeier coefficients) for the refractive index of MoSe2?,فرمول پاشندگی (ضرایب سلمایر) ضریب شکست MoSe2 چیست؟,10.1002_adom.201900239,,
ri-MoSe2-2,ri,Refractive index of Molybdenum diselenide as a function of wavelength,ضریب شکست MoSe2 بر حسب طول موج,10.1002_adom.201900239,,
ri-MoSe2-3,ri,MoSe2 refractive index measurement,اندازه‌گیری ضریب شکست MoSe2,10.1002_adom.201900239,,
ri-NH4H2PO4-1,ri,What is the dispersion formula (Sellmeier coefficients) for the refractive index of NH4H2PO4?,فرمول پاشندگی (ضرایب سلمایر) ضریب شکست NH4H2PO4 چیست؟,10.1364_josa.54.001215,,
ri-NH4H2PO4-2,ri,Refractive index of Ammonium dihydrogen phosphate as a function of wavelength,ضریب شکست ADP بر حسب طول موج,10.1364_josa.54.001215,,
ri-NH4H2PO4-3,ri,ADP refractive index measurement,اندازه‌گیری ضریب شکست ADP,10.1364_josa.54.001215,,
ri-NaBr-1,ri,What is the dispersion formula (Sellmeier coefficients) for the refractive index of NaBr?,فرمول پاشندگی (ضرایب سلمایر) ضریب شکست NaBr چیست؟,10.1063_1.555536;10.1103_physrevb.39.3337,,
ri-NaBr-2,ri,Refractive index of Sodium bromide as a function of wavelength,ضریب شکست NaBr بر حسب طول موج,10.1063_1.555536;10.1103_physrevb.39.3337,,
ri-NaBr-3,ri,NaBr refractive index measurement,اندازه‌گیری ضریب شکست NaBr,10.1063_1.555536;10.1103_physrevb.39.3337,,
ri-NaCl-1,ri,What is the dispersion formula (Sellmeier coefficients) for the refractive index of NaCl?,فرمول پاشندگی (ضرایب سلمایر) ضریب شکست NaCl چیست؟,10.1063_1.555536;10.1103_physrevb.39.3337,,
ri-NaCl-2,ri,Refractive index of Sodium chloride as a function of wavelength,ضریب شکست NaCl بر حسب طول موج,10.1063_1.555536;10.1103_physrevb.39.3337,,
ri-NaCl-3,ri,NaCl refractive index measurement,اندازه‌گیری ضریب شکست NaCl,10.1063_1.555536;10.1103_physrevb.39.3337,,
ri-NaF-1,ri,What is the dispersion formula (Sellmeier coefficients) for the refractive index of NaF?,فرمول پاشندگی (ضرایب سلمایر) ضریب شکست NaF چیست؟,10.1063_1.555536;10.1063_1.89561;10.1103_physrevb.39.3337,,
ri-NaF-2,ri,Refractive index of Sodium fluoride as a function of wavelength,ضریب شکست NaF بر حسب طول موج,10.1063_1.555536;10.1063_1.89561;10.1103_physrevb.39.3337,,
ri-NaF-3,ri,NaF refractive index measurement,اندازه‌گیری ضریب شکست NaF,10.1063_1.555536;10.1063_1.89561;10.1103_physrevb.39.3337,,
ri-NaI-1,ri,What is the dispersion formula (Sellmeier coefficients) for the refractive index of NaI?,فرمول پاشندگی (ضرایب سلمایر) ضریب شکست NaI چیست؟,10.1063_1.555536,,
ri-NaI-2,ri,Refractive index of Sodium iodide as a function of wavelength,ضریب شکست NaI بر حسب طول موج,10.1063_1.555536,,
ri-NaI-3,ri,NaI refractive index measurement,اندازه‌گیری ضریب شکست NaI,10.1063_1.555536,,
ri-PbF2-1,ri,What is the dispersion formula (Sellmeier coefficients) for the refractive index of PbF2?,فرمول پاشندگی (ضرایب سلمایر) ضریب شکست PbF2 چیست؟,10.1063_1.89561,,
ri-PbF2-2,ri,Refractive index of Lead difluoride as a function of wavelength,ضریب شکست PbF2 بر حسب طول موج,10.1063_1.89561,,
ri-PbF2-3,ri,PbF2 refractive index measurement,اندازه‌گیری ضریب شکست PbF2,10.1063_1.89561,,
ri-Pd-1,ri,What is the dispersion formula (Sellmeier coefficients) for the refractive index of Pd?,فرمول پاشندگی (ضرایب سلمایر) ضریب شکست Pd چیست؟,10.1021_acsphotonics.8b01243,,
ri-Pd-2,ri,Refractive index of Palladium as a function of wavelength,ضریب شکست Pd بر حسب طول موج,10.1021_acsphotonics.8b01243,,
ri-Pd-3,ri,Pd refractive index measurement,اندازه‌گیری ضریب شکست Pd,10.1021_acsphotonics.8b01243,,
ri-RbBr-1,ri,What is the dispersion formula (Sellmeier coefficients) for the refractive index of RbBr?,فرمول پاشندگی (ضرایب سلمایر) ضریب شکست RbBr چیست؟,10.1063_1.555536,,
ri-RbBr-2,ri,Refractive index of Rubidium bromide as a function of wavelength,ضریب شکست RbBr بر حسب طول موج,10.1063_1.555536,,
ri-RbBr-3,ri,RbBr refractive index measurement,اندازه‌گیری ضریب شکست RbBr,10.1063_1.555536,,
ri-RbCl-1,ri,What is the dispersion formula (Sellmeier coefficients) for the refractive index of RbCl?,فرمول پاشندگی (ضرایب سلمایر) ضریب شکست RbCl چیست؟,10.1063_1.555536,,
ri-RbCl-2,ri,Refractive index of Rubidium chloride as a function of wavelength,ضریب شکست RbCl بر حسب طول موج,10.1063_1.555536,,
ri-RbCl-3,ri,RbCl refractive index measurement,اندازه‌گیری ضریب شکست RbCl,10.1063_1.555536,,
ri-RbF-1,ri,What is the dispersion formula (Sellmeier coefficients) for the refractive index of RbF?,فرمول پاشندگی (ضرایب سلمایر) ضریب شکست RbF چیست؟,10.1063_1.555536,,
ri-RbF-2,ri,Refractive index of Rubidium fluoride as a function of wavelength,ضریب شکست RbF بر حسب طول موج,10.1063_1.555536,,
ri-RbF-3,ri,RbF refractive index measurement,اندازه‌گیری ضریب شکست RbF,10.1063_1.555536,,
ri-RbI-1,ri,What is the dispersion formula (Sellmeier coefficients) for the refractive index of RbI?,فرمول پاشندگی (ضرایب سلمایر) ضریب شکست RbI چیست؟,10.1063_1.555536,,
ri-RbI-2,ri,Refractive index of Rubidium iodide as a function of wavelength,ضریب شکست RbI بر حسب طول موج,10.1063_1.555536,,
ri-RbI-3,ri,RbI refractive index measurement,اندازه‌گیری ضریب شکست RbI,10.1063_1.555536,,
ri-RbTiOPO4-1,ri,What is the dispersion formula (Sellmeier coefficients) for the refractive index of RbTiOPO4?,فرمول پاشندگی (ضرایب سلمایر) ضریب شکست RbTiOPO4 چیست؟,10.1088_0953_8984_19_11_116214,,
ri-RbTiOPO4-2,ri,Refractive index of Rubidium titanyl phosphate as a function of wavelength,ضریب شکست RTP بر حسب طول موج,10.1088_0953_8984_19_11_116214,,
ri-RbTiOPO4-3,ri,RTP refractive index measurement,اندازه‌گیری ضریب شکست RTP,10.1088_0953_8984_19_11_116214,,
ri-Sc2O3-1,ri,What is the dispersion formula (Sellmeier coefficients) for the refractive index of Sc2O3?,فرمول پاشندگی (ضرایب سلمایر) ضریب شکست Sc2O3 چیست؟,10.1088_1464_4258_3_3_303,,
ri-Sc2O3-2,ri,Refractive index of Scandium sesquioxide as a function of wavelength,ضریب شکست Sc2O3 بر حسب طول موج,10.1088_1464_4258_3_3_303,,
ri-Sc2O3-3,ri,Sc2O3 refractive index measurement,اندازه‌گیری ضریب شکست Sc2O3,10.1088_1464_4258_3_3_303,,
ri-Se-1,ri,What is the dispersion formula (Sellmeier coefficients) for the refractive index of Se?,فرمول پاشندگی (ضرایب سلمایر) ضریب شکست Se چیست؟,10.1016_j.mssp.2018.03.003,,
ri-Se-2,ri,Refractive index of Selenium as a function of wavelength,ضریب شکست Se بر حسب طول موج,10.1016_j.mssp.2018.03.003,,
ri-Se-3,ri,Se refractive index measurement,اندازه‌گیری ضریب شکست Se,10.1016_j.mssp.2018.03.003,,
ri-Si-1,ri,What is the dispersion formula (Sellmeier coefficients) for the refractive index of Si?,فرمول پاشندگی (ضرایب سلمایر) ضریب شکست Si چیست؟,10.1002_pip.4670030303;10.1016_0040_6090_93_90082_z;10.1016_0925_3467_92_90015_f;10.1016_j.solmat.2008.06.009;10.1016_j.tsf.2013.04.129;10.1063_1.1923612;10.1063_1.2151256;10.1063_1.2737359;10.1063_1.2750523;10.1063_1.368951;10.1063_1.555624;10.1103_physrevb.27.985;10.1103_physrevb.5.3017;10.1109_jphotov.2013.2263985;10.1364_ao.19.004130;10.1364_josa.47.000244,,
ri-Si-2,ri,Refractive index of Silicon as a function of wavelength,ضریب شکست Si بر حسب طول موج,10.1002_pip.4670030303;10.1016_0040_6090_93_90082_z;10.1016_0925_3467_92_90015_f;10.1016_j.solmat.2008.06.009;10.1016_j.tsf.2013.04.129;10.1063_1.1923612;10.1063_1.2151256;10.1063_1.2737359;10.1063_1.2750523;10.1063_1.368951;10.1063_1.555624;10.1103_physrevb.27.985;10.1103_physrevb.5.3017;10.1109_jphotov.2013.2263985;10.1364_ao.19.004130;10.1364_josa.47.000244,,
ri-Si-3,ri,Si refractive index measurement,اندازه‌گیری ضریب شکست Si,10.1002_pip.4670030303;10.1016_0040_6090_93_90082_z;10.1016_0925_3467_92_90015_f;10.1016_j.solmat.2008.06.009;10.1016_j.tsf.2013.04.129;10.1063_1.1923612;10.1063_1.2151256;10.1063_1.2737359;10.1063_1.2750523;10.1063_1.368951;10.1063_1.555624;10.1103_physrevb.27.985;10.1103_physrevb.5.3017;10.1109_jphotov.2013.2263985;10.1364_ao.19.004130;10.1364_josa.47.000244,,
ri-Si3N4-1,ri,"What is the dispersion formula (Sellmeier coefficients) for the refractive index of Si3N4, SiN?","فرمول پاشندگی (ضرایب سلمایر) ضریب شکست Si3N4, SiN چیست؟",10.1364_ao.51.006789;10.1364_ol.40.004823,,
ri-Si3N4-2,ri,Refractive index of Silicon nitride as a function of wavelength,"ضریب شکست Si3N4, SiN بر حسب طول موج",10.1364_ao.51.006789;10.1364_ol.40.004823,,
ri-Si3N4-3,ri,"Si3N4, SiN refractive index measurement","اندازه‌گیری ضریب شکست Si3N4, SiN",10.1364_ao.51.006789;10.1364_ol.40.004823,,
ri-SiC-1,ri,What is the dispersion formula (Sellmeier coefficients) for the refractive index of SiC?,فرمول پاشندگی (ضرایب سلمایر) ضریب شکست SiC چیست؟,10.1364_ao.10.001034;10.1364_ol.42.002687,,
ri-SiC-2,ri,Refractive index of Silicon carbide as a function of wavelength,ضریب شکست SiC بر حسب طول موج,10.1364_ao.10.001034;10.1364_ol.42.002687,,
ri-SiC-3,ri,SiC refractive index measurement,اندازه‌گیری ضریب شکست SiC,10.1364_ao.10.001034;10.1364_ol.42.002687,,
ri-SiO2-1,ri,What is the dispersion formula (Sellmeier coefficients) for the refractive index of SiO2?,فرمول پاشندگی (ضرایب سلمایر) ضریب شکست SiO2 چیست؟,10.1007_bf03172255;10.1016_s0030_4018_99_00091_7;10.1039_d3cp03158f;10.1103_physrevb.39.3337;10.1117_12.2227580;10.1364_ao.37.000546;10.1364_ao.51.006789;10.1364_ao.54.00f123;10.1364_josa.55.001205;10.1364_oe.579736;10.1364_ol.9.000010,,
ri-SiO2-2,ri,Refractive index of Silicon dioxide as a function of wavelength,ضریب شکست SiO2 بر حسب طول موج,10.1007_bf03172255;10.1016_s0030_4018_99_00091_7;10.1039_d3cp03158f;10.1103_physrevb.39.3337;10.1117_12.2227580;10.1364_ao.37.000546;10.1364_ao.51.006789;10.1364_ao.54.00f123;10.1364_josa.55.001205;10.1364_oe.579736;10.1364_ol.9.000010,,
ri-SiO2-3,ri,SiO2 refractive index measurement,اندازه‌گیری ضریب شکست SiO2,10.1007_bf03172255;10.1016_s0030_4018_99_00091_7;10.1039_d3cp03158f;10.1103_physrevb.39.3337;10.1117_12.2227580;10.1364_ao.37.000546;10.1364_ao.51.006789;10.1364_ao.54.00f123;10.1364_josa.55.001205;10.1364_oe.579736;10.1364_ol.9.000010,,
ri-SrF2-1,ri,What is the dispersion formula (Sellmeier coefficients) for the refractive index of SrF2?,فرمول پاشندگی (ضرایب سلمایر) ضریب شکست SrF2 چیست؟,10.1063_1.555616;10.1063_1.89561;10.1103_physrev.127.1950;10.1103_physrev.157.709;10.1103_physrevb.39.3337,,
ri-SrF2-2,ri,Refractive index of Strontium fluoride as a function of wavelength,ضریب شکست SrF2 بر حسب طول موج,10.1063_1.555616;10.1063_1.89561;10.1103_physrev.127.1950;10.1103_physrev.157.709;10.1103_physrevb.39.3337,,
ri-SrF2-3,ri,SrF2 refractive index measurement,اندازه‌گیری ضریب شکست SrF2,10.1063_1.555616;10.1063_1.89561;10.1103_physrev.127.1950;10.1103_physrev.157.709;10.1103_physrevb.39.3337,,
ri-SrMoO4-1,ri,What is the dispersion formula (Sellmeier coefficients) for the refractive index of SrMoO4?,فرمول پاشندگی (ضرایب سلمایر) ضریب شکست SrMoO4 چیست؟,10.1063_1.1703106,,
ri-SrMoO4-2,ri,Refractive index of Strontium molybdate as a function of wavelength,ضریب شکست SrMoO4 بر حسب طول موج,10.1063_1.1703106,,
ri-SrMoO4-3,ri,SrMoO4 refractive index measurement,اندازه‌گیری ضریب شکست SrMoO4,10.1063_1.1703106,,
ri-SrO-1,ri,What is the dispersion formula (Sellmeier coefficients) for the refractive index of SrO?,فرمول پاشندگی (ضرایب سلمایر) ضریب شکست SrO چیست؟,10.1103_physrevb.39.3337,,
ri-SrO-2,ri,Refractive index of SrO as a function of wavelength,ضریب شکست SrO بر حسب طول موج,10.1103_physrevb.39.3337,,
ri-SrO-3,ri,SrO refractive index measurement,اندازه‌گیری ضریب شکست SrO,10.1103_physrevb.39.3337,,
ri-SrTiO3-1,ri,What is the dispersion formula (Sellmeier coefficients) for the refractive index of SrTiO3?,فرمول پاشندگی (ضرایب سلمایر) ضریب شکست SrTiO3 چیست؟,10.1063_1.1703106;10.1063_1.323822;10.1103_physrevb.39.3337,,
ri-SrTiO3-2,ri,Refractive index of Strontium titanate as a function of wavelength,ضریب شکست STO بر حسب طول موج,10.1063_1.1703106;10.1063_1.323822;10.1103_physrevb.39.3337,,
ri-SrTiO3-3,ri,STO refractive index measurement,اندازه‌گیری ضریب شکست STO,10.1063_1.1703106;10.1063_1.323822;10.1103_physrevb.39.3337,,
ri-Ta2O5-1,ri,What is the dispersion formula (Sellmeier coefficients) for the refractive index of Ta2O5?,فرمول پاشندگی (ضرایب سلمایر) ضریب شکست Ta2O5 چیست؟,10.1117_12.2190104,,
ri-Ta2O5-2,ri,Refractive index of Tantalum pentoxide as a function of wavelength,ضریب شکست Ta2O5 بر حسب طول موج,10.1117_12.2190104,,
ri-Ta2O5-3,ri,Ta2O5 refractive index measurement,اندازه‌گیری ضریب شکست Ta2O5,10.1117_12.2190104,,
ri-Te-1,ri,What is the dispersion formula (Sellmeier coefficients) for the refractive index of Te?,فرمول پاشندگی (ضرایب سلمایر) ضریب شکست Te چیست؟,10.1016_j.mssp.2018.03.003;10.1364_ao.15.0305_1,,
ri-Te-2,ri,Refractive index of Tellurium as a function of wavelength,ضریب شکست Te بر حسب طول موج,10.1016_j.mssp.2018.03.003;10.1364_ao.15.0305_1,,
ri-Te-3,ri,Te refractive index measurement,اندازه‌گیری ضریب شکست Te,10.1016_j.mssp.2018.03.003;10.1364_ao.15.0305_1,,
ri-TeO2-1,ri,What is the dispersion formula (Sellmeier coefficients) for the refractive index of TeO2?,فرمول پاشندگی (ضرایب سلمایر) ضریب شکست TeO2 چیست؟,10.1103_physrevb.4.3736,,
ri-TeO2-2,ri,Refractive index of Tellurium dioxide as a function of wavelength,ضریب شکست TeO2 بر حسب طول موج,10.1103_physrevb.4.3736,,
ri-TeO2-3,ri,TeO2 refractive index measurement,اندازه‌گیری ضریب شکست TeO2,10.1103_physrevb.4.3736,,
ri-Ti-1,ri,What is the dispersion formula (Sellmeier coefficients) for the refractive index of Ti?,فرمول پاشندگی (ضرایب سلمایر) ضریب شکست Ti چیست؟,10.1021_acsphotonics.8b01243,,
ri-Ti-2,ri,Refractive index of Titanium as a function of wavelength,ضریب شکست Ti بر حسب طول موج,10.1021_acsphotonics.8b01243,,
ri-Ti-3,ri,Ti refractive index measurement,اندازه‌گیری ضریب شکست Ti,10.1021_acsphotonics.8b01243,,
ri-TiH2-1,ri,What is the dispersion formula (Sellmeier coefficients) for the refractive index of TiH2?,فرمول پاشندگی (ضرایب سلمایر) ضریب شکست TiH2 چیست؟,10.1021_acsphotonics.8b01243,,
ri-TiH2-2,ri,Refractive index of Titanium hydride as a function of wavelength,ضریب شکست TiH2 بر حسب طول موج,10.1021_acsphotonics.8b01243,,
ri-TiH2-3,ri,TiH2 refractive index measurement,اندازه‌گیری ضریب شکست TiH2,10.1021_acsphotonics.8b01243,,
ri-TiO2-1,ri,What is the dispersion formula (Sellmeier coefficients) for the refractive index of TiO2?,فرمول پاشندگی (ضرایب سلمایر) ضریب شکست TiO2 چیست؟,10.1002_adom.201600250;10.1063_1.1703106;10.1103_physrevb.39.3337;10.1103_physrevlett.115.177402;10.1117_12.2190104;10.1364_ao.51.006789;10.1364_josa.41.000416,,
ri-TiO2-2,ri,Refractive index of Titanium dioxide as a function of wavelength,ضریب شکست TiO2 بر حسب طول موج,10.1002_adom.201600250;10.1063_1.1703106;10.1103_physrevb.39.3337;10.1103_physrevlett.115.177402;10.1117_12.2190104;10.1364_ao.51.006789;10.1364_josa.41.000416,,
ri-TiO2-3,ri,TiO2 refractive index measurement,اندازه‌گیری ضریب شکست TiO2,10.1002_adom.201600250;10.1063_1.1703106;10.1103_physrevb.39.3337;10.1103_physrevlett.115.177402;10.1117_12.2190104;10.1364_ao.51.006789;10.1364_josa.41.000416,,
ri-V-1,ri,What is the dispersion formula (Sellmeier coefficients) for the refractive index of V?,فرمول پاشندگی (ضرایب سلمایر) ضریب شکست V چیست؟,10.1021_acsphotonics.8b01243,,
ri-V-2,ri,Refractive index of Vanadium as a function of wavelength,ضریب شکست V بر حسب طول موج,10.1021_acsphotonics.8b01243,,
ri-V-3,ri,V refractive index measurement,اندازه‌گیری ضریب شکست V,10.1021_acsphotonics.8b01243,,
ri-WS2-1,ri,What is the dispersion formula (Sellmeier coefficients) for the refractive index of WS2?,فرمول پاشندگی (ضرایب سلمایر) ضریب شکست WS2 چیست؟,10.1002_adom.201900239,,
ri-WS2-2,ri,Refractive index of Tungsten disulfide as a function of wavelength,ضریب شکست WS2 بر حسب طول موج,10.1002_adom.201900239,,
ri-WS2-3,ri,WS2 refractive index measurement,اندازه‌گیری ضریب شکست WS2,10.1002_adom.201900239,,
ri-WSe2-1,ri,What is the dispersion formula (Sellmeier coefficients) for the refractive index of WSe2?,فرمول پاشندگی (ضرایب سلمایر) ضریب شکست WSe2 چیست؟,10.1002_adom.201900239,,
ri-WSe2-2,ri,Refractive index of Tungsten diselenide as a function of wavelength,ضریب شکست WSe2 بر حسب طول موج,10.1002_adom.201900239,,
ri-WSe2-3,ri,WSe2 refractive index measurement,اندازه‌گیری ضریب شکست WSe2,10.1002_adom.201900239,,
ri-Y2O3-1,ri,What is the dispersion formula (Sellmeier coefficients) for the refractive index of Y2O3?,فرمول پاشندگی (ضرایب سلمایر) ضریب شکست Y2O3 چیست؟,10.1103_physrevb.39.3337,,
ri-Y2O3-2,ri,Refractive index of Yttrium sesquioxide as a function of wavelength,ضریب شکست Y2O3 بر حسب طول موج,10.1103_physrevb.39.3337,,
ri-Y2O3-3,ri,Y2O3 refractive index measurement,اندازه‌گیری ضریب شکست Y2O3,10.1103_physrevb.39.3337,,
ri-Y3Al5O12-1,ri,What is the dispersion formula (Sellmeier coefficients) for the refractive index of Y3Al5O12?,فرمول پاشندگی (ضرایب سلمایر) ضریب شکست Y3Al5O12 چیست؟,10.1063_1.1655378;10.1063_1.1703106;10.1103_physrevb.39.3337;10.1109_jqe.1973.1077417;10.1364_ao.37.004933,,
ri-Y3Al5O12-2,ri,Refractive index of Yttrium aluminium garnet as a function of wavelength,ضریب شکست YAG بر حسب طول موج,10.1063_1.1655378;10.1063_1.1703106;10.1103_physrevb.39.3337;10.1109_jqe.1973.1077417;10.1364_ao.37.004933,,
ri-Y3Al5O12-3,ri,YAG refractive index measurement,اندازه‌گیری ضریب شکست YAG,10.1063_1.1655378;10.1063_1.1703106;10.1103_physrevb.39.3337;10.1109_jqe.1973.1077417;10.1364_ao.37.004933,,
ri-Y3Ga5O12-1,ri,What is the dispersion formula (Sellmeier coefficients) for the refractive index of Y3Ga5O12?,فرمول پاشندگی (ضرایب سلمایر) ضریب شکست Y3Ga5O12 چیست؟,10.1103_physrevb.39.3337,,
ri-Y3Ga5O12-2,ri,Refractive index of Y3Ga5O12 as a function of wavelength,ضریب شکست Y3Ga5O12 بر حسب طول موج,10.1103_physrevb.39.3337,,
ri-Y3Ga5O12-3,ri,Y3Ga5O12 refractive index measurement,اندازه‌گیری ضریب شکست Y3Ga5O12,10.1103_physrevb.39.3337,,
ri-YAlO3-1,ri,What is the dispersion formula (Sellmeier coefficients) for the refractive index of YAlO3?,فرمول پاشندگی (ضرایب سلمایر) ضریب شکست YAlO3 چیست؟,10.1103_physrevb.39.3337,,
ri-YAlO3-2,ri,Refractive index of YAlO3 as a function of wavelength,ضریب شکست YAlO3 بر حسب طول موج,10.1103_physrevb.39.3337,,
ri-YAlO3-3,ri,YAlO3 refractive index measurement,اندازه‌گیری ضریب شکست YAlO3,10.1103_physrevb.39.3337,,
ri-YLiF4-1,ri,What is the dispersion formula (Sellmeier coefficients) for the refractive index of YLiF4?,فرمول پاشندگی (ضرایب سلمایر) ضریب شکست YLiF4 چیست؟,10.1063_1.89561;10.1364_josa.70.001244,,
ri-YLiF4-2,ri,Refractive index of Yttrium lithium fluoride as a function of wavelength,ضریب شکست YLF بر حسب طول موج,10.1063_1.89561;10.1364_josa.70.001244,,
ri-YLiF4-3,ri,YLF refractive index measurement,اندازه‌گیری ضریب شکست YLF,10.1063_1.89561;10.1364_josa.70.001244,,
ri-YVO4-1,ri,What is the dispersion formula (Sellmeier coefficients) for the refractive index of YVO4?,فرمول پاشندگی (ضرایب سلمایر) ضریب شکست YVO4 چیست؟,10.1063_1.324471,,
ri-YVO4-2,ri,Refractive index of Yttrium orthovanadate as a function of wavelength,ضریب شکست YVO4 بر حسب طول موج,10.1063_1.324471,,
ri-YVO4-3,ri,YVO4 refractive index measurement,اندازه‌گیری ضریب شکست YVO4,10.1063_1.324471,,
ri-Yb2O3-1,ri,What is the dispersion formula (Sellmeier coefficients) for the refractive index of Yb2O3?,فرمول پاشندگی (ضرایب سلمایر) ضریب شکست Yb2O3 چیست؟,10.1088_1464_4258_3_3_303,,
ri-Yb2O3-2,ri,Refractive index of Ytterbium sesquioxide as a function of wavelength,ضریب شکست Yb2O3 بر حسب طول موج,10.1088_1464_4258_3_3_303,,
ri-Yb2O3-3,ri,Yb2O3 refractive index measurement,اندازه‌گیری ضریب شکست Yb2O3,10.1088_1464_4258_3_3_303,,
ri-ZnGeP2-1,ri,What is the dispersion formula (Sellmeier coefficients) for the refractive index of ZnGeP2?,فرمول پاشندگی (ضرایب سلمایر) ضریب شکست ZnGeP2 چیست؟,10.1063_1.1653673;10.1364_ao.37.001205;10.1364_ao.42.004335;10.1364_josab.18.001307,,
ri-ZnGeP2-2,ri,Refractive index of Zinc germanium phosphide as a function of wavelength,ضریب شکست ZGP بر حسب طول موج,10.1063_1.1653673;10.1364_ao.37.001205;10.1364_ao.42.004335;10.1364_josab.18.001307,,
ri-ZnGeP2-3,ri,ZGP refractive index measurement,اندازه‌گیری ضریب شکست ZGP,10.1063_1.1653673;10.1364_ao.37.001205;10.1364_ao.42.004335;10.1364_josab.18.001307,,
ri-ZnO-1,ri,What is the dispersion formula (Sellmeier coefficients) for the refractive index of ZnO?,فرمول پاشندگی (ضرایب سلمایر) ضریب شکست ZnO چیست؟,10.1063_1.1703106;10.1103_physrevb.39.3337,,
ri-ZnO-2,ri,Refractive index of Zinc monoxide as a function of wavelength,ضریب شکست ZnO بر حسب طول موج,10.1063_1.1703106;10.1103_physrevb.39.3337,,
ri-ZnO-3,ri,ZnO refractive index measurement,اندازه‌گیری ضریب شکست ZnO,10.1063_1.1703106;10.1103_physrevb.39.3337,,
ri-ZnS-1,ri,What is the dispersion formula (Sellmeier coefficients) for the refractive index of ZnS?,فرمول پاشندگی (ضرایب سلمایر) ضریب شکست ZnS چیست؟,10.1063_1.1703106;10.1103_physrevb.39.3337;10.1364_ao.23.002238;10.1364_ao.54.00f123,,
ri-ZnS-2,ri,Refractive index of Zinc sulfide as a function of wavelength,ضریب شکست ZnS بر حسب طول موج,10.1063_1.1703106;10.1103_physrevb.39.3337;10.1364_ao.23.002238;10.1364_ao.54.00f123,,
ri-ZnS-3,ri,ZnS refractive index measurement,اندازه‌گیری ضریب شکست ZnS,10.1063_1.1703106;10.1103_physrevb.39.3337;10.1364_ao.23.002238;10.1364_ao.54.00f123,,
ri-ZnSe-1,ri,What is the dispersion formula (Sellmeier coefficients) for the refractive index of ZnSe?,فرمول پاشندگی (ضرایب سلمایر) ضریب شکست ZnSe چیست؟,10.1063_1.1713411;10.1103_physrevb.43.9569;10.1117_12.957359,,
ri-ZnSe-2,ri,Refractive index of Zinc selenide as a function of wavelength,ضریب شکست ZnSe بر حسب طول موج,10.1063_1.1713411;10.1103_physrevb.43.9569;10.1117_12.957359,,
ri-ZnSe-3,ri,ZnSe refractive index measurement,اندازه‌گیری ضریب شکست ZnSe,10.1063_1.1713411;10.1103_physrevb.43.9569;10.1117_12.957359,,
ri-ZnSiAs2-1,ri,What is the dispersion formula (Sellmeier coefficients) for the refractive index of ZnSiAs2?,فرمول پاشندگی (ضرایب سلمایر) ضریب شکست ZnSiAs2 چیست؟,10.1109_jqe.1972.1076982,,
ri-ZnSiAs2-2,ri,Refractive index of Zinc silicon arsenide as a function of wavelength,ضریب شکست ZnSiAs2 بر حسب طول موج,10.1109_jqe.1972.1076982,,
ri-ZnSiAs2-3,ri,ZnSiAs2 refractive index measurement,اندازه‌گیری ضریب شکست ZnSiAs2,10.1109_jqe.1972.1076982,,
ri-ZnTe-1,ri,What is the dispersion formula (Sellmeier coefficients) for the refractive index of ZnTe?,فرمول پاشندگی (ضرایب سلمایر) ضریب شکست ZnTe چیست؟,10.1063_1.1713411;10.1063_1.353305;10.1063_1.555705,,
ri-ZnTe-2,ri,Refractive index of Zinc telluride as a function of wavelength,ضریب شکست ZnTe بر حسب طول موج,10.1063_1.1713411;10.1063_1.353305;10.1063_1.555705,,
ri-ZnTe-3,ri,ZnTe refractive index measurement,اندازه‌گیری ضریب شکست ZnTe,10.1063_1.1713411;10.1063_1.353305;10.1063_1.555705,,
ri-ZnWO4-1,ri,What is the dispersion formula (Sellmeier coefficients) for the refractive index of ZnWO4?,فرمول پاشندگی (ضرایب سلمایر) ضریب شکست ZnWO4 چیست؟,10.1063_1.1703106,,
ri-ZnWO4-2,ri,Refractive index of Zinc tungstate as a function of wavelength,ضریب شکست ZnWO4 بر حسب طول موج,10.1063_1.1703106,,
ri-ZnWO4-3,ri,ZnWO4 refractive index measurement,اندازه‌گیری ضریب شکست ZnWO4,10.1063_1.1703106,,
ri-Zr-1,ri,What is the dispersion formula (Sellmeier coefficients) for the refractive index of Zr?,فرمول پاشندگی (ضرایب سلمایر) ضریب شکست Zr چیست؟,10.1021_acsphotonics.8b01243,,
ri-Zr-2,ri,Refractive index of Zirconium as a function of wavelength,ضریب شکست Zr بر حسب طول موج,10.1021_acsphotonics.8b01243,,
ri-Zr-3,ri,Zr refractive index measurement,اندازه‌گیری ضریب شکست Zr,10.1021_acsphotonics.8b01243,,
ri-ZrO2-1,ri,What is the dispersion formula (Sellmeier coefficients) for the refractive index of ZrO2?,فرمول پاشندگی (ضرایب سلمایر) ضریب شکست ZrO2 چیست؟,10.1103_physrevb.39.3337,,
ri-ZrO2-2,ri,Refractive index of Zirconium dioxide as a function of wavelength,ضریب شکست ZrO2 بر حسب طول موج,10.1103_physrevb.39.3337,,
ri-ZrO2-3,ri,ZrO2 refractive index measurement,اندازه‌گیری ضریب شکست ZrO2,10.1103_physrevb.39.3337,,
dij-BaB2O4,dij,What are the second-order nonlinear optical coefficients d_ij of BaB2O4 (BBO)?,ضرایب نوری غیرخطی مرتبه‌ی دوم (d) بلور BBO چقدر است؟,10.1109_3.159516;10.1109_3.55534,,
dij-LiNbO3,dij,What are the second-order nonlinear optical coefficients d_ij of LiNbO3?,ضرایب نوری غیرخطی مرتبه‌ی دوم (d) بلور LiNbO3 چقدر است؟,10.1109_3.159516;10.1364_josab.14.002268,,
dij-MgO-LiNbO3,dij,What are the second-order nonlinear optical coefficients d_ij of MgO-LiNbO3?,ضرایب نوری غیرخطی مرتبه‌ی دوم (d) بلور MgO-LiNbO3 چقدر است؟,10.1109_3.159516;10.1364_josab.14.002268,,
dij-LiTaO3,dij,What are the second-order nonlinear optical coefficients d_ij of LiTaO3?,ضرایب نوری غیرخطی مرتبه‌ی دوم (d) بلور LiTaO3 چقدر است؟,10.1364_josab.14.002268,,
dij-KH2PO4,dij,What are the second-order nonlinear optical coefficients d_ij of KH2PO4 (KDP)?,ضرایب نوری غیرخطی مرتبه‌ی دوم (d) بلور KDP چقدر است؟,10.1364_josab.14.002268,,
dij-CsLiB6O10,dij,What are the second-order nonlinear optical coefficients d_ij of CsLiB6O10 (CLBO)?,ضرایب نوری غیرخطی مرتبه‌ی دوم (d) بلور CLBO چقدر است؟,10.1364_josab.24.002877,,
dij-CdSiP2,dij,What are the second-order nonlinear optical coefficients d_ij of CdSiP2?,ضرایب نوری غیرخطی مرتبه‌ی دوم (d) بلور CdSiP2 چقدر است؟,10.1063_1.3590136,,
dij-ZnGeP2,dij,What are the second-order nonlinear optical coefficients d_ij of ZnGeP2 (ZGP)?,ضرایب نوری غیرخطی مرتبه‌ی دوم (d) بلور ZGP چقدر است؟,10.1109_3.159516,,
dij-AgGaS2,dij,What are the second-order nonlinear optical coefficients d_ij of AgGaS2 (AGS)?,ضرایب نوری غیرخطی مرتبه‌ی دوم (d) بلور AGS چقدر است؟,10.1364_josab.14.002481,,
dij-AgGaSe2,dij,What are the second-order nonlinear optical coefficients d_ij of AgGaSe2 (AGSe)?,ضرایب نوری غیرخطی مرتبه‌ی دوم (d) بلور AGSe چقدر است؟,10.1021_acs.chemmater.2c01011,,
dij-CH4N2O - urea,dij,What are the second-order nonlinear optical coefficients d_ij of CH4N2O - urea?,ضرایب نوری غیرخطی مرتبه‌ی دوم (d) بلور CH4N2O - urea چقدر است؟,10.1109_3.159516,,
dij-KBe2BO3F2,dij,What are the second-order nonlinear optical coefficients d_ij of KBe2BO3F2?,ضرایب نوری غیرخطی مرتبه‌ی دوم (d) بلور KBe2BO3F2 چقدر است؟,10.1007_s00340_009_3554_4,,
dij-SiO2,dij,What are the second-order nonlinear optical coefficients d_ij of SiO2?,ضرایب نوری غیرخطی مرتبه‌ی دوم (d) بلور SiO2 چقدر است؟,10.1364_josab.14.002268,,
dij-LiIO3,dij,What are the second-order nonlinear optical coefficients d_ij of LiIO3?,ضرایب نوری غیرخطی مرتبه‌ی دوم (d) بلور LiIO3 چقدر است؟,10.1109_3.55534,,
dij-KTiOPO4,dij,What are the second-order nonlinear optical coefficients d_ij of KTiOPO4 (KTP)?,ضرایب نوری غیرخطی مرتبه‌ی دوم (d) بلور KTP چقدر است؟,10.1109_3.55534;10.1364_ao.43.003319,,
dij-KTiOAsO4,dij,What are the second-order nonlinear optical coefficients d_ij of KTiOAsO4?,ضرایب نوری غیرخطی مرتبه‌ی دوم (d) بلور KTiOAsO4 چقدر است؟,10.1364_ao.43.003319,,
dij-RbTiOAsO4,dij,What are the second-order nonlinear optical coefficients d_ij of RbTiOAsO4?,ضرایب نوری غیرخطی مرتبه‌ی دوم (d) بلور RbTiOAsO4 چقدر است؟,10.1364_ao.43.003319,,
dij-RbTiOPO4,dij,What are the second-order nonlinear optical coefficients d_ij of RbTiOPO4 (RTP)?,ضرایب نوری غیرخطی مرتبه‌ی دوم (d) بلور RTP چقدر است؟,10.1364_ao.43.003319,,
dij-LiB3O5,dij,What are the second-order nonlinear optical coefficients d_ij of LiB3O5 (LBO)?,ضرایب نوری غیرخطی مرتبه‌ی دوم (d) بلور LBO چقدر است؟,10.1088_1464_4258_10_10_104011;10.1109_3.159516;10.1364_josab.24.002877,,
dij-CsB3O5,dij,What are the second-order nonlinear optical coefficients d_ij of CsB3O5?,ضرایب نوری غیرخطی مرتبه‌ی دوم (d) بلور CsB3O5 چقدر است؟,10.1364_josab.24.002877,,
dij-TmCa4O(BO3)3,dij,What are the second-order nonlinear optical coefficients d_ij of TmCa4O(BO3)3?,ضرایب نوری غیرخطی مرتبه‌ی دوم (d) بلور TmCa4O(BO3)3 چقدر است؟,10.1039_c4ce00869c,,
dij-NH4H2PO4,dij,What are the second-order nonlinear optical coefficients d_ij of NH4H2PO4 (ADP)?,ضرایب نوری غیرخطی مرتبه‌ی دوم (d) بلور ADP چقدر است؟,10.1103_physrevb.1.1739,,
dij-KNbO3,dij,What are the second-order nonlinear optical coefficients d_ij of KNbO3?,ضرایب نوری غیرخطی مرتبه‌ی دوم (d) بلور KNbO3 چقدر است؟,10.1364_josab.20.002109,,
dij-GdCa4O(BO3)3,dij,What are the second-order nonlinear optical coefficients d_ij of GdCa4O(BO3)3?,ضرایب نوری غیرخطی مرتبه‌ی دوم (d) بلور GdCa4O(BO3)3 چقدر است؟,10.1364_josab.22.000417,,
dij-YCa4O(BO3)3,dij,What are the second-order nonlinear optical coefficients d_ij of YCa4O(BO3)3?,ضرایب نوری غیرخطی مرتبه‌ی دوم (d) بلور YCa4O(BO3)3 چقدر است؟,10.1364_josab.22.000417,,
dij-BiB3O6,dij,What are the second-order nonlinear optical coefficients d_ij of BiB3O6 (BiBO)?,ضرایب نوری غیرخطی مرتبه‌ی دوم (d) بلور BiBO چقدر است؟,10.1016_s0038_1098_98_00538_9,,
dij-La2CaB10O19,dij,What are the second-order nonlinear optical coefficients d_ij of La2CaB10O19?,ضرایب نوری غیرخطی مرتبه‌ی دوم (d) بلور La2CaB10O19 چقدر است؟,10.1016_j.optmat.2016.10.023,,
dij-LiInS2,dij,What are the second-order nonlinear optical coefficients d_ij of LiInS2?,ضرایب نوری غیرخطی مرتبه‌ی دوم (d) بلور LiInS2 چقدر است؟,10.1364_josab.21.001981;10.1364_josab.27.001902,,
dij-LiInSe2,dij,What are the second-order nonlinear optical coefficients d_ij of LiInSe2?,ضرایب نوری غیرخطی مرتبه‌ی دوم (d) بلور LiInSe2 چقدر است؟,10.1364_josab.27.001902,,
dij-LiGaS2,dij,What are the second-order nonlinear optical coefficients d_ij of LiGaS2 (LGS)?,ضرایب نوری غیرخطی مرتبه‌ی دوم (d) بلور LGS چقدر است؟,10.1063_1.4723645;10.7498_aps.67.20181591,,
paper-KTiOAsO4-Feve-2000,paper,Sellmeier equations of KTiOAsO4: coefficients for the principal refractive indices,معادله‌ی سلمایر و ضرایب آن برای ضریب شکست‌های اصلی KTiOAsO4,10.1109_3.291355;10.1364_josab.17.000775,1;4,
paper-RbTiOAsO4-Feve-2000,paper,Sellmeier equations of RbTiOAsO4: coefficients for the principal refractive indices,معادله‌ی سلمایر و ضرایب آن برای ضریب شکست‌های اصلی RbTiOAsO4,10.1364_josab.17.000775,4,
paper-CsTiOAsO4-Feve-2000,paper,Sellmeier equations of CsTiOAsO4: coefficients for the principal refractive indices,معادله‌ی سلمایر و ضرایب آن برای ضریب شکست‌های اصلی CsTiOAsO4,10.1364_josab.17.000775,4,
paper-CsB3O5-Zhai-2013,paper,Sellmeier equations of CsB3O5: coefficients for the principal refractive indices,معادله‌ی سلمایر و ضرایب آن برای ضریب شکست‌های اصلی CsB3O5,10.1016_j.optcom.2013.02.028,2,
paper-KBe2BO3F2-Chen-2009,paper,Sellmeier equations of KBe2BO3F2: coefficients for the principal refractive indices,معادله‌ی سلمایر و ضرایب آن برای ضریب شکست‌های اصلی KBe2BO3F2,10.1007_s00340_009_3554_4,8,
paper-CdSiP2-Kato-2011,paper,Sellmeier equations of CdSiP2: coefficients for the principal refractive indices,معادله‌ی سلمایر و ضرایب آن برای ضریب شکست‌های اصلی CdSiP2,10.1063_1.3590136,2,
paper-YCa4O(BO3)3-Segonds-2004,paper,Sellmeier equations of YCa4O(BO3)3: coefficients for the principal refractive indices,معادله‌ی سلمایر و ضرایب آن برای ضریب شکست‌های اصلی YCa4O(BO3)3,10.1002_1521_4079_200011_35_11_12_1361_aid_crat1361_3.0.co_2_4;10.1364_josab.21.000765,3;4,
paper-GdCa4O(BO3)3-Aka-1997,paper,Sellmeier equations of GdCa4O(BO3)3: coefficients for the principal refractive indices,معادله‌ی سلمایر و ضرایب آن برای ضریب شکست‌های اصلی GdCa4O(BO3)3,10.1364_josab.14.002238,5,
paper-TmCa4O(BO3)3-Liu-2014,paper,Sellmeier equations of TmCa4O(BO3)3: coefficients for the principal refractive indices,معادله‌ی سلمایر و ضرایب آن برای ضریب شکست‌های اصلی TmCa4O(BO3)3,10.1039_c4ce00869c,5,
paper-La2CaB10O19-Wang-2002,paper,Sellmeier equations of La2CaB10O19: coefficients for the principal refractive indices,معادله‌ی سلمایر و ضرایب آن برای ضریب شکست‌های اصلی La2CaB10O19,10.1016_s0030_4018_02_01722_4;10.15541_jim20220632,2;3,
paper-DAST-Jazbinsek-2008,paper,Sellmeier equations of DAST: coefficients for the principal refractive indices,معادله‌ی سلمایر و ضرایب آن برای ضریب شکست‌های اصلی DAST,10.1109_jstqe.2008.921407,3,
paper-DSTMS-Mutter-2007,paper,Sellmeier equations of DSTMS: coefficients for the principal refractive indices,معادله‌ی سلمایر و ضرایب آن برای ضریب شکست‌های اصلی DSTMS,10.1364_josab.24.002556,3,
paper-LiInS2-Fossier-2004,paper,Sellmeier equations of LiInS2: coefficients for the principal refractive indices,معادله‌ی سلمایر و ضرایب آن برای ضریب شکست‌های اصلی LiInS2,10.1364_josab.21.001981,11,
paper-LiInSe2-Petrov-2010,paper,Sellmeier equations of LiInSe2: coefficients for the principal refractive indices,معادله‌ی سلمایر و ضرایب آن برای ضریب شکست‌های اصلی LiInSe2,10.1364_ao.53.001063;10.1364_josab.27.001902,2;10,
paper-LiB3O5-Ghosh-1995,paper,Sellmeier equations of LiB3O5 (LBO): coefficients for the principal refractive indices,معادله‌ی سلمایر و ضرایب آن برای ضریب شکست‌های اصلی LBO,10.1063_1.360499,3,
paper-BaB2O4-Ghosh-1995,paper,Sellmeier equations of BaB2O4 (BBO): coefficients for the principal refractive indices,معادله‌ی سلمایر و ضرایب آن برای ضریب شکست‌های اصلی BBO,10.1063_1.360499,3,
thermo-KTiOPO4-Kato,paper,Thermo-optic coefficients dn/dT of KTiOPO4 (KTP) as a function of wavelength,ضریب ترمواپتیک dn/dT بلور KTP بر حسب طول موج,10.1364_ao.41.005040,2,
thermo-CdSiP2-Kato-2011,paper,Thermo-optic coefficients dn/dT of CdSiP2 as a function of wavelength,ضریب ترمواپتیک dn/dT بلور CdSiP2 بر حسب طول موج,10.1063_1.3590136,2,
thermo-LiInSe2-Kato-2014,paper,Thermo-optic coefficients dn/dT of LiInSe2 as a function of wavelength,ضریب ترمواپتیک dn/dT بلور LiInSe2 بر حسب طول موج,10.1364_ao.53.001063,4,
thermo-LiB3O5-Ghosh-1995,paper,Thermo-optic coefficients dn/dT of LiB3O5 (LBO) as a function of wavelength,ضریب ترمواپتیک dn/dT بلور LBO بر حسب طول موج,10.1063_1.360499,4,
thermo-BaB2O4-Ghosh-1995,paper,Thermo-optic coefficients dn/dT of BaB2O4 (BBO) as a function of wavelength,ضریب ترمواپتیک dn/dT بلور BBO بر حسب طول موج,10.1063_1.360499,4,
none-01,none,What is the boiling point of ethanol at sea level?,نقطه‌ی جوش اتانول در سطح دریا چقدر است؟,,,NOT_FOUND
none-02,none,Who won the 2018 FIFA World Cup?,قهرمان جام جهانی فوتبال ۲۰۱۸ کدام تیم بود؟,,,NOT_FOUND
none-03,none,How do I bake sourdough bread?,نان خمیر ترش را چطور بپزم؟,,,NOT_FOUND
none-04,none,What is the capital of Australia?,پایتخت استرالیا کجاست؟,,,NOT_FOUND
none-05,none,What is the half-life of carbon-14?,نیمه‌عمر کربن ۱۴ چقدر است؟,,,NOT_FOUND
none-06,none,How does the stock market react to interest rate changes?,بازار بورس به تغییر نرخ بهره چه واکنشی نشان می‌دهد؟,,,NOT_FOUND
none-07,none,What is the tensile strength of structural steel?,استحکام کششی فولاد ساختمانی چقدر است؟,,,NOT_FOUND
none-08,none,What is the recommended daily intake of vitamin C?,مقدار توصیه‌شده‌ی روزانه‌ی ویتامین C چقدر است؟,,,NOT_FOUND
none-09,none,When was the Eiffel Tower built?,برج ایفل چه سالی ساخته شد؟,,,NOT_FOUND
none-10,none,What causes earthquakes along fault lines?,علت زلزله در امتداد گسل‌ها چیست؟,,,NOT_FOUND
none-11,none,What is the melting point of chocolate?,نقطه‌ی ذوب شکلات چقدر است؟,,,NOT_FOUND
none-12,none,How many moons does Jupiter have?,مشتری چند قمر دارد؟,,,NOT_FOUND
none-13,none,What is the mechanism of action of penicillin?,پنی‌سیلین چطور باکتری را از بین می‌برد؟,,,NOT_FOUND
none-14,none,What is the viscosity of honey at room temperature?,گرانروی عسل در دمای اتاق چقدر است؟,,,NOT_FOUND
none-15,none,How does a jet engine produce thrust?,موتور جت چطور نیروی پیشران تولید می‌کند؟,,,NOT_FOUND
none-16,none,What is the population of Tehran?,جمعیت تهران چقدر است؟,,,NOT_FOUND
none-17,none,What is the elastic modulus of human bone?,مدول کشسانی استخوان انسان چقدر است؟,,,NOT_FOUND
none-18,none,How is cheese made from milk?,پنیر چطور از شیر درست می‌شود؟,,,NOT_FOUND
none-19,none,What is the Sellmeier equation of the crystal Zr7Q3Bx?,معادله‌ی سلمایر بلور Zr7Q3Bx چیست؟,,,NOT_FOUND
none-20,none,Refractive index of unobtainium at 1064 nm,ضریب شکست آنابتینیوم در ۱۰۶۴ نانومتر,,,NOT_FOUND
none-21,none,Nonlinear coefficient d33 of the crystal KXe4Mo9,ضریب غیرخطی d33 بلور KXe4Mo9,,,NOT_FOUND
none-22,none,Thermal conductivity of chocolate cake,رسانندگی گرمایی کیک شکلاتی,,,NOT_FOUND
none-23,none,Sellmeier coefficients of Pb7Rh2Q11 measured by prism method,ضرایب سلمایر Pb7Rh2Q11 با روش منشور,,,NOT_FOUND
none-24,none,What is the electrical resistivity of copper wire used in houses?,مقاومت ویژه‌ی سیم مسی ساختمان چقدر است؟,,,NOT_FOUND
none-25,none,Best fertilizer for tomato plants,بهترین کود برای گوجه‌فرنگی,,,NOT_FOUND
none-26,none,What is the speed of sound in seawater?,سرعت صوت در آب دریا چقدر است؟,,,NOT_FOUND
none-27,none,How do vaccines train the immune system?,واکسن چطور سیستم ایمنی را آموزش می‌دهد؟,,,NOT_FOUND
none-28,none,What is the density of olive oil?,چگالی روغن زیتون چقدر است؟,,,NOT_FOUND
none-29,none,Who wrote the Shahnameh?,شاهنامه را چه کسی سروده است؟,,,NOT_FOUND
none-30,none,What is the gestation period of an elephant?,دوره‌ی بارداری فیل چقدر است؟,,,NOT_FOUND
none-31,none,Refractive index of the fictional crystal Bz9Qt at 532 nm,ضریب شکست بلور خیالی Bz9Qt در ۵۳۲ نانومتر,,,NOT_FOUND
none-32,none,Phase-matching angle of the crystal Xe2Kr3O9 for SHG,زاویه‌ی تطبیق فاز بلور Xe2Kr3O9 برای SHG,,,NOT_FOUND
none-33,none,How fast does a cheetah run?,یوزپلنگ با چه سرعتی می‌دود؟,,,NOT_FOUND
none-34,none,What is the pH of lemon juice?,pH آب لیمو چقدر است؟,,,NOT_FOUND
none-35,none,How much does a Boeing 747 weigh?,وزن هواپیمای بوئینگ ۷۴۷ چقدر است؟,,,NOT_FOUND
none-36,none,What is the compressive strength of concrete?,مقاومت فشاری بتن چقدر است؟,,,NOT_FOUND
none-37,none,Which planet has the longest day?,کدام سیاره طولانی‌ترین روز را دارد؟,,,NOT_FOUND
none-38,none,What are the side effects of ibuprofen?,عوارض ایبوپروفن چیست؟,,,NOT_FOUND
none-39,none,How do bees make honey?,زنبورها چطور عسل می‌سازند؟,,,NOT_FOUND
none-40,none,What is the freezing point of seawater?,نقطه‌ی انجماد آب دریا چقدر است؟,,,NOT_FOUND
